ID;Descripcion;Tipo;Ubicacion;CGM;Lon;Lat
BUD69A;;;Figueredo y Nata l;BUDGE;-58.4691777;-34.7175119
BUD69;;;Figueredo y Natal;BUDGE;-58.4691699;-34.7175048
BUD01;"Tipo: DOMO
Ubicacion: ALENDE GUARDIA";DOMO;ALENDE GUARDIA;BUDGE;-58.4674146;-34.7148021
BUD02;"Tipo: DOMO
Ubicacion: ALENDE GUARDIA";DOMO;ALENDE GUARDIA;BUDGE;-58.467135;-34.71516
BUD03;"Tipo: DOMO
Ubicacion: C. ALAS Y RIBERA";DOMO;C. ALAS Y RIBERA;BUDGE;-58.468401;-34.713572
BUD09;"Tipo: DOMO
Ubicacion: CLAUDIO DE ALAS Y RECONDO";DOMO;CLAUDIO DE ALAS Y RECONDO;BUDGE;-58.462436;-34.720962
BUD13;"Tipo: DOMO
Ubicacion: CIPOLLETO Y CLAUDIO DE ALAS";DOMO;CIPOLLETO Y CLAUDIO DE ALAS;BUDGE;-58.463641;-34.718701
BUD12;"Tipo: DOMO
Ubicacion: QUESADA Y ANDRES BELLO";DOMO;QUESADA Y ANDRES BELLO;BUDGE;-58.4627901;-34.7245341
BUD30;"Tipo: DOMO
Ubicacion: CANADA Y MONTIEL";DOMO;CANADA Y MONTIEL;BUDGE;-58.452973;-34.72098
FIO01;"Tipo: DOMO
Ubicacion: PERON Y RECONDO";DOMO;PERON Y RECONDO;BUDGE;-58.451214;-34.714835
FIO02;"Tipo: DOMO
Ubicacion: GRAN CAIMAN";DOMO;GRAN CAIMAN;BUDGE;-58.455641;-34.709884
FIO04;"Tipo: DOMO
Ubicacion: RECON DO Y MONTIEL";DOMO;RECON DO Y MONTIEL;BUDGE;-58.455913;-34.717382
BUD28;"Tipo: DOMO
Ubicacion: AZAMOR Y CARRIEGO";DOMO;AZAMOR Y CARRIEGO;BUDGE;-58.4687069;-34.7153357
BUD31;"Tipo: DOMO
Ubicacion: RECONDO Y FALUCHO";DOMO;RECONDO Y FALUCHO;BUDGE;-58.467071;-34.723608
FIO05;"Tipo: FIJA
Ubicacion: EJERCITO Y PERON COLECTORA PCIA";FIJA;EJERCITO Y PERON COLECTORA PCIA;BUDGE;-58.445361;-34.7228764
FIO44;"Tipo: DOMO
Ubicacion: EJERCITO Y PERON COLECTORA PROV";DOMO;EJERCITO Y PERON COLECTORA PROV;BUDGE;-58.4453372;-34.7229246
BUD42;"Tipo: FIJA
Ubicacion: PUENTE LA NORIA";FIJA;PUENTE LA NORIA;BUDGE;-58.458965;-34.706583
BUD53;"Tipo: FIJA
Ubicacion: GUAMINI Y LAS VIAS";FIJA;GUAMINI Y LAS VIAS;BUDGE;-58.456307;-34.714823
BUD54;"Tipo: FIJA
Ubicacion: QUESADA 2255";FIJA;QUESADA 2255;BUDGE;-58.458886;-34.72236
BUD52;"Tipo: DOMO
Ubicacion: GINEBRA Y CLAUDIO ALAS";DOMO;GINEBRA Y CLAUDIO ALAS;BUDGE;-58.455619;-34.729588
BUD57;"Tipo: FIJA
Ubicacion: RIBERA SUR Y MONTIEL";FIJA;RIBERA SUR Y MONTIEL;BUDGE;-58.463136;-34.708278
BUD13a;"Tipo: FIJA
Ubicacion: CIPOLLETI 1 Y C. ALAS 1 - J946";FIJA;CIPOLLETI 1 Y C. ALAS 1 - J946;BUDGE;-58.463121;-34.718419
BUD13b;"Tipo: FIJA
Ubicacion: CIPOLLETI 2 Y C. ALAS 1 - J946";FIJA;CIPOLLETI 2 Y C. ALAS 1 - J946;BUDGE;-58.463366;-34.71856
BUD61;"Tipo: FIJA
Ubicacion: PERON Y GINEBRA SEC25";FIJA;PERON Y GINEBRA SEC25;BUDGE;-58.4446677;-34.7237126
BUD53b;"Tipo: FIJA
Ubicacion: GUAMINI Y LAS VIAS";FIJA;GUAMINI Y LAS VIAS;BUDGE;-58.456301;-34.714865
BUD54b;"Tipo: FIJA
Ubicacion: QUESADA 2255";FIJA;QUESADA 2255;BUDGE;-58.45894;-34.722415
BUD57b;"Tipo: FIJA
Ubicacion: RIBERA SUR Y MONTIEL";FIJA;RIBERA SUR Y MONTIEL;BUDGE;-58.46318;-34.70833
FIO01b;"Tipo: FIJA
Ubicacion: PERON Y RECONDO";FIJA;PERON Y RECONDO;BUDGE;-58.451229;-34.714843
FIO01c;"Tipo: FIJA
Ubicacion: PERON Y RECONDO";FIJA;PERON Y RECONDO;BUDGE;-58.451198;-34.71483
FIO01d;"Tipo: FIJA
Ubicacion: PERON Y RECONDO";FIJA;PERON Y RECONDO;BUDGE;-58.451205;-34.71485
BUD83;;;CARRIEGO Y ESCOBAR;BUDGE;-58.4576117;-34.7292865
LMC08;"Tipo: DOMO
Ubicacion: COLOMBRES Y CAMINO NEGRO";DOMO;COLOMBRES Y CAMINO NEGRO;PARQUE BARON;-58.431041;-34.760038
LMC09;"Tipo: DOMO
Ubicacion: JUAN XXIII Y EUSKADI";DOMO;JUAN XXIII Y EUSKADI;PARQUE BARON;-58.438532;-34.768304
LMC14;"Tipo: DOMO
Ubicacion: CNO. NEGRO Y SIRITO";DOMO;CNO. NEGRO Y SIRITO;PARQUE BARON;-58.434412;-34.765994
LMC57;"Tipo: DOMO
Ubicacion: BUSTOS Y OLMOS";DOMO;BUSTOS Y OLMOS;PARQUE BARON;-58.447695;-34.760124
LMC58;"Tipo: DOMO
Ubicacion: PROV. NIDAS Y BUSTOS";DOMO;PROV. NIDAS Y BUSTOS;PARQUE BARON;-58.446794;-34.761464
LMC59;"Tipo: DOMO
Ubicacion: IPARRAGUIRRE E IDALGO";DOMO;IPARRAGUIRRE E IDALGO;PARQUE BARON;-58.444734;-34.766294
LMC60;"Tipo: DOMO
Ubicacion: VIRGILIO Y TROPEROS";DOMO;VIRGILIO Y TROPEROS;PARQUE BARON;-58.443918;-34.756634
LMC61;"Tipo: DOMO
Ubicacion: VIRGILIO Y CARCARAÑA";DOMO;VIRGILIO Y CARCARAÑA;PARQUE BARON;-58.436666;-34.765783
LMC62;"Tipo: DOMO
Ubicacion: MADRID Y FLEMING";DOMO;MADRID Y FLEMING;PARQUE BARON;-58.433082;-34.775636
LMC63;"Tipo: DOMO
Ubicacion: MADRID Y SANTA FILOMENA";DOMO;MADRID Y SANTA FILOMENA;PARQUE BARON;-58.434734;-34.77331
LMC65;"Tipo: DOMO
Ubicacion: OLIDEN Y MADRID";DOMO;OLIDEN Y MADRID;PARQUE BARON;-58.430572;-34.77872
LMC73;"Tipo: DOMO
Ubicacion: HIDALGO Y HOMERO";DOMO;HIDALGO Y HOMERO;PARQUE BARON;-58.440313;-34.764285
LMC81;"Tipo: DOMO
Ubicacion: FALUCHO Y POTOSI";DOMO;FALUCHO Y POTOSI;PARQUE BARON;-58.439627;-34.759631
LMC84;"Tipo: DOMO
Ubicacion: P. PERON Y CERVANTES";DOMO;P. PERON Y CERVANTES;PARQUE BARON;-58.433383;-34.756123
LMC88;"Tipo: DOMO
Ubicacion: ESTACION JUAN XXIII";DOMO;ESTACION JUAN XXIII;PARQUE BARON;-58.44394;-34.771084
LMC68;"Tipo: DOMO
Ubicacion: MOLINA ARROTEA Y SIRITO";DOMO;MOLINA ARROTEA Y SIRITO;PARQUE BARON;-58.433297;-34.76774
LMC105;"Tipo: DOMO
Ubicacion: SIRITO T MUZZILLI";DOMO;SIRITO T MUZZILLI;PARQUE BARON;-58.431462;-34.770375
LMC107;"Tipo: DOMO
Ubicacion: M. ARROTEA Y LOS ROBLES";DOMO;M. ARROTEA Y LOS ROBLES;PARQUE BARON;-58.430572;-34.766012
LMC116;"Tipo: DOMO
Ubicacion: M. ARROTEA Y SIRITO";DOMO;M. ARROTEA Y SIRITO;PARQUE BARON;-58.433248;-34.767669
LMC94;"Tipo: FIJA
Ubicacion: O ´HIGGINGS Y JUAN XXIII";FIJA;O ´HIGGINGS Y JUAN XXIII;PARQUE BARON;-58.443843;-34.77089
LMC91;"Tipo: FIJA
Ubicacion: PUENTE JUAN XXIII";FIJA;PUENTE JUAN XXIII;PARQUE BARON;-58.444013;-34.771273
LMC126;"Tipo: DOMO
Ubicacion: OSLO Y MELENDEZ VALDEZ";DOMO;OSLO Y MELENDEZ VALDEZ;PARQUE BARON;-58.436784;-34.768674
LMC131;"Tipo: DOMO
Ubicacion: CAMINO NEGRO Y LAPRIDA";DOMO;CAMINO NEGRO Y LAPRIDA;PARQUE BARON;-58.43305;-34.756167
LMC143;"Tipo: FIJA
Ubicacion: COLOMBRES Y PERON";FIJA;COLOMBRES Y PERON;PARQUE BARON;-58.431089;-34.760017
LMC147;"Tipo: DOMO
Ubicacion: Entrada Reserva GARIBALDI Y VIAS";DOMO;Entrada Reserva GARIBALDI Y VIAS;PARQUE BARON;-58.431312;-34.784258
LMC149;"Tipo: FIJA
Ubicacion: AROMOS Y MERLO";FIJA;AROMOS Y MERLO;PARQUE BARON;-58.438067;-34.777184
LMC150;"Tipo: FIJA
Ubicacion: SIRITTO Y MERLO";FIJA;SIRITTO Y MERLO;PARQUE BARON;-58.429559;-34.772711
LMC151;"Tipo: FIJA
Ubicacion: PERON Y LOS ROBLES";FIJA;PERON Y LOS ROBLES;PARQUE BARON;-58.432396;-34.76397
LMC117;"Tipo: DOMO
Ubicacion: PUENTE JUAN XXIII";DOMO;PUENTE JUAN XXIII;PARQUE BARON;-58.444051;-34.771253
LMC144;"Tipo: FIJA
Ubicacion: OLIDEN Y MADRID";FIJA;OLIDEN Y MADRID;PARQUE BARON;-58.430586;-34.778807
LMC66;"Tipo: FIJA
Ubicacion: MADRID Y GARIBALDI";FIJA;MADRID Y GARIBALDI;PARQUE BARON;-58.427658;-34.782701
LMC67;"Tipo: FIJA
Ubicacion: MADRID Y GARIBALDI";FIJA;MADRID Y GARIBALDI;PARQUE BARON;-58.42753;-34.782944
LMC57a;"Tipo: FIJA
Ubicacion: BUSTOS 860 SEC31";FIJA;BUSTOS 860 SEC31;PARQUE BARON;-58.447629;-34.760193
LMC88b;"Tipo: FIJA
Ubicacion: ESTACION JUAN XXIII";FIJA;ESTACION JUAN XXIII;PARQUE BARON;-58.443856;-34.771073
LMC149b;"Tipo: FIJA
Ubicacion: AROMOS Y MERLO";FIJA;AROMOS Y MERLO;PARQUE BARON;-58.438102;-34.777192
LMC151b;"Tipo: FIJA
Ubicacion: PERON Y LOS ROBLES";FIJA;PERON Y LOS ROBLES;PARQUE BARON;-58.432451;-34.763981
LMC167;;;OSLO Y SANTA ISABEL;PARQUE BARON;-58.4351437;-34.7707738
LMC175;;;Guaraní & Euskadi;PARQUE BARON;-58.4396318;-34.7666661
BUD11;"Tipo: DOMO
Ubicacion: QUIROGA Y GIACHINO";DOMO;QUIROGA Y GIACHINO;SANTA CATALINA;-58.472195;-34.74779
BUD19;"Tipo: DOMO
Ubicacion: RIVERA DEL SUR  ELIZALDE";DOMO;RIVERA DEL SUR  ELIZALDE;SANTA CATALINA;-58.492184;-34.734929
BUD21;"Tipo: DOMO
Ubicacion: MANUELA PEDRAZA Y LEÑA";DOMO;MANUELA PEDRAZA Y LEÑA;SANTA CATALINA;-58.474603;-34.738465
BUD25;"Tipo: DOMO
Ubicacion: OLIMPO Y CORSINI";DOMO;OLIMPO Y CORSINI;SANTA CATALINA;-58.476786;-34.734215
BUD27;"Tipo: DOMO
Ubicacion: OLIMPO Y GIACHINO";DOMO;OLIMPO Y GIACHINO;SANTA CATALINA;-58.480777;-34.735903
BUD10;"Tipo: FIJA
Ubicacion: GIACHINO Y QUIROGA";FIJA;GIACHINO Y QUIROGA;SANTA CATALINA;-58.472042;-34.747808
BUD23;"Tipo: FIJA
Ubicacion: OLIMPO Y GUEMES";FIJA;OLIMPO Y GUEMES;SANTA CATALINA;-58.479216;-34.735159
BUD38;"Tipo: DOMO
Ubicacion: OLIMPO Y  CALLE 4";DOMO;OLIMPO Y  CALLE 4;SANTA CATALINA;-58.483658;-34.737116
BUD44;"Tipo: DOMO
Ubicacion: MANUELA PEDRAZA SOLDADO BRITO";DOMO;MANUELA PEDRAZA SOLDADO BRITO;SANTA CATALINA;-58.471612;-34.742634
BUD45;"Tipo: DOMO
Ubicacion: ZELARRAYAN Y PADRE MUJICA";DOMO;ZELARRAYAN Y PADRE MUJICA;SANTA CATALINA;-58.4677934;-34.7420669
BUD46;"Tipo: DOMO
Ubicacion: BARRIO SAN SEBASTIAN";DOMO;BARRIO SAN SEBASTIAN;SANTA CATALINA;-58.460092;-34.752918
BUD47;"Tipo: DOMO
Ubicacion: CAMPO PONS";DOMO;CAMPO PONS;SANTA CATALINA;-58.487469;-34.730738
BUD48;"Tipo: FIJA
Ubicacion: OLIMPO Y ELIZALDE";FIJA;OLIMPO Y ELIZALDE;SANTA CATALINA;-58.488638;-34.739196
BUD50;"Tipo: FIJA
Ubicacion: MASSAD Y GIACHINO";FIJA;MASSAD Y GIACHINO;SANTA CATALINA;-58.479845;-34.737
BUD56;"Tipo: FIJA
Ubicacion: GIACHINO Y RODRIGUEZ";FIJA;GIACHINO Y RODRIGUEZ;SANTA CATALINA;-58.475668;-34.743165
BUD60;"Tipo: FIJA
Ubicacion: SOLDADO RODRIGUEZ Y PEDRAZA J945";FIJA;SOLDADO RODRIGUEZ Y PEDRAZA J945;SANTA CATALINA;-58.472366;-34.741477
BUD60a;"Tipo: FIJA
Ubicacion: SOLDADO RODRIGUEZ Y PEDRAZA J945";FIJA;SOLDADO RODRIGUEZ Y PEDRAZA J945;SANTA CATALINA;-58.472311;-34.741456
BUD62;"Tipo: FIJA
Ubicacion: ELIZALDE 7600 P16 J938";FIJA;ELIZALDE 7600 P16 J938;SANTA CATALINA;-58.487905;-34.740518
BUD27b;"Tipo: FIJA
Ubicacion: OLIMPO Y GIACHINO";FIJA;OLIMPO Y GIACHINO;SANTA CATALINA;-58.480836;-34.735912
BUD24;"Tipo: FIJA
Ubicacion: OLIMPO Y GUEMES";FIJA;OLIMPO Y GUEMES;SANTA CATALINA;-58.479109;-34.735282
BUD38b;"Tipo: FIJA
Ubicacion: OLIMPO Y CALLE 4";FIJA;OLIMPO Y CALLE 4;SANTA CATALINA;-58.483658;-34.737116
BUD49;"Tipo: FIJA
Ubicacion: OLIMPO Y ELIZALDE";FIJA;OLIMPO Y ELIZALDE;SANTA CATALINA;-58.488687;-34.739253
BUD51;"Tipo: FIJA
Ubicacion: MASSAD Y GIACHINO";FIJA;MASSAD Y GIACHINO;SANTA CATALINA;-58.479931;-34.737159
BUD56b;"Tipo: FIJA
Ubicacion: GIACHINO Y RODRIGUEZ";FIJA;GIACHINO Y RODRIGUEZ;SANTA CATALINA;-58.47563;-34.743206
BUD67;"Tipo: FIJA
Ubicacion: MAGALDI 3909 E23";FIJA;MAGALDI 3909 E23;SANTA CATALINA;-58.4759;-34.734066
BUD67a;"Tipo: FIJA
Ubicacion: MAGALDI 3909 E23";FIJA;MAGALDI 3909 E23;SANTA CATALINA;-58.475881;-34.734086
BUD19b;"Tipo: FIJA
Ubicacion: RIVERA DEL SUR ELIZALDE";FIJA;RIVERA DEL SUR ELIZALDE;SANTA CATALINA;-58.492174;-34.734926
CEN62;Diagonal 61 y silva;Fija;;SANTA CATALINA;-58.4798631;-34.7451682
CEN63;CEN63;FIJA;DIAG 61 Y FORGIONE;SANTA CATALINA;-58.4804987;-34.7469122
BUD71;;;General Juan Facundo Quiroga & Manuela Pedraza;SANTA CATALINA;-58.4687617;-34.7458704
BUD71A;;;QUIROGA Y PEDRAZA;SANTA CATALINA;-58.4687027;-34.7458285
BUD70;;;TITA MERELO Y GIACHINO;SANTA CATALINA;-58.4705942;-34.7498946
BUD70A;;;TITA MERELO Y GIACHINO;SANTA CATALINA;-58.4705781;-34.7499089
BUD73;;;QUIROGA Y MARTEL;SANTA CATALINA;-58.4782549;-34.7510054
BUD73A;;;QUIROGA Y MARTEL;SANTA CATALINA;-58.4782093;-34.7509647
BUD72;;;20 de Junio & General J. Costa;SANTA CATALINA;-58.4710687;-34.7545492
BUD72A;;;COSTA Y 20 DE JUNIO;SANTA CATALINA;-58.471074;-34.7545668
BUD76;;;Pablo Camarero &  Ruben Martell;SANTA CATALINA;-58.4739339;-34.7568454
BUD79;;;COSTA Y ELIZALDE;SANTA CATALINA;-58.4726093;-34.760494
BUD79A;;;COSTA Y ELIZALDE;SANTA CATALINA;-58.4726613;-34.7605034
BUD82;;;Calle 2 & Calle 103;SANTA CATALINA;-58.4678356;-34.7482512
BUD82A;;;CALLE 2 Y 103;SANTA CATALINA;-58.4677497;-34.7482115
BUD80;;;DIAG 61 Y MAGRASI;SANTA CATALINA;-58.4790906;-34.7427958
BUD80A;;;DIAG 61 Y MAGRASI;SANTA CATALINA;-58.4791066;-34.7428244
BUD77;;;CALLE 107 Y 4;SANTA CATALINA;-58.4627418;-34.7482948
BUD77A;;;CALLE 107 Y 4;SANTA CATALINA;-58.4627619;-34.7482441
BUD81;;;109 Y 111;SANTA CATALINA;-58.4651496;-34.7506543
BUD81A;;;109 Y 111;SANTA CATALINA;-58.4652128;-34.7506477
BUD78;;;Calle 19 & Los Pinos;SANTA CATALINA;-58.4882323;-34.7350159
BFD10;"Tipo: DOMO
Ubicacion: P. PERON Y M. OLIVERO";DOMO;P. PERON Y M. OLIVERO;SANTA MARTA;-58.432808;-34.739382
CEN25;"Tipo: DOMO
Ubicacion: RODRIGUEZ Y VIRGILIO";DOMO;RODRIGUEZ Y VIRGILIO;SANTA MARTA;-58.452276;-34.745765
LMC54;"Tipo: DOMO
Ubicacion: LISANDRO DE LA TORRE Y GAONA";DOMO;LISANDRO DE LA TORRE Y GAONA;SANTA MARTA;-58.438253;-34.747766
LMC92;"Tipo: DOMO
Ubicacion: COLECTORA CAMINO NEGRO Y LAS TROPAS";DOMO;COLECTORA CAMINO NEGRO Y LAS TROPAS;SANTA MARTA;-58.430496;-34.747299
BFD37;"Tipo: DOMO
Ubicacion: FALUCHO Y T. GORDILLO";DOMO;FALUCHO Y T. GORDILLO;SANTA MARTA;-58.447276;-34.749327
BFD38;"Tipo: DOMO
Ubicacion: L. DE LA TORRE   Y L. DE LA VEGA";DOMO;L. DE LA TORRE   Y L. DE LA VEGA;SANTA MARTA;-58.4428854;-34.7504702
CEN04;"Tipo: DOMO
Ubicacion: PLAZA MORENO";DOMO;PLAZA MORENO;SANTA MARTA;-58.433179;-34.741031
CEN07;"Tipo: DOMO
Ubicacion: PLAZA BARRIO ODISA";DOMO;PLAZA BARRIO ODISA;SANTA MARTA;-58.434976;-34.7384006
CEN35;"Tipo: DOMO
Ubicacion: COPIHUE E IPARRAGUIRRE";DOMO;COPIHUE E IPARRAGUIRRE;SANTA MARTA;-58.455484;-34.751874
FIO29;"Tipo: DOMO
Ubicacion: RODRIGUEZ Y GUAMINI";DOMO;RODRIGUEZ Y GUAMINI;SANTA MARTA;-58.438726;-34.738174
STM01;"Tipo: DOMO
Ubicacion: PLAZA SANTA M ARTA";DOMO;PLAZA SANTA M ARTA;SANTA MARTA;-58.4499964;-34.7492427
LMC52;"Tipo: FIJA
Ubicacion: LISANDRO DE LA TORRE Y SAN VICENTE";FIJA;LISANDRO DE LA TORRE Y SAN VICENTE;SANTA MARTA;-58.436102;-34.746479
CEN39;"Tipo: DOMO
Ubicacion: FALUCHO Y VERNET";DOMO;FALUCHO Y VERNET;SANTA MARTA;-58.449025;-34.747114
CEN40;"Tipo: DOMO
Ubicacion: L. DE LA TORRE Y FALUCHO";DOMO;L. DE LA TORRE Y FALUCHO;SANTA MARTA;-58.444809;-34.7523698
BFD56;"Tipo: DOMO
Ubicacion: COLECTORA COLON FRANKLIN";DOMO;COLECTORA COLON FRANKLIN;SANTA MARTA;-58.433755;-34.738467
CEN31;"Tipo: DOMO
Ubicacion: RODRIGUEZ Y LABARDEN";DOMO;RODRIGUEZ Y LABARDEN;SANTA MARTA;-58.449583;-34.744293
BFD87;"Tipo: DOMO
Ubicacion: L. DE LA TORRE Y LAS TROPAS";DOMO;L. DE LA TORRE Y LAS TROPAS;SANTA MARTA;-58.432674;-34.744504
BFD89;"Tipo: DOMO

Ubicacion: PARRAL Y TRELLES";DOMO;PARRAL Y TRELLES;SANTA MARTA;-58.438532;-34.75153
BFD88;"Tipo: DOMO

Ubicacion: CASTRO Y FLORENCIO SANCHEZ";DOMO;CASTRO Y FLORENCIO SANCHEZ;SANTA MARTA;-58.443366;-34.751684
FIO47;"Tipo: DOMO
Ubicacion: RODRIGUEZ Y COSQUIN";DOMO;RODRIGUEZ Y COSQUIN;SANTA MARTA;-58.436194;-34.736666
BUD41;"Tipo: DOMO
Ubicacion: HOMERO Y ARZUELA";DOMO;HOMERO Y ARZUELA;SANTA MARTA;-58.454819;-34.744998
BUD58;"Tipo: FIJA
Ubicacion: LUIS VERNET Y SAN VICENTE";FIJA;LUIS VERNET Y SAN VICENTE;SANTA MARTA;-58.440607;-34.74233
BUD66;"Tipo: FIJA
Ubicacion: LOPE DE VEGA 1476 ESC 23";FIJA;LOPE DE VEGA 1476 ESC 23;SANTA MARTA;-58.444394;-34.748865
BUD66A;"Tipo: FIJA
Ubicacion: LOPE DE VEGA 1476 ESC 23";FIJA;LOPE DE VEGA 1476 ESC 23;SANTA MARTA;-58.444325;-34.74894
BFD37b;"Tipo: FIJA
Ubicacion: FALUCHO Y T. GORDILLO";FIJA;FALUCHO Y T. GORDILLO;SANTA MARTA;-58.447283;-34.749236
CEN40b;"Tipo: FIJA
Ubicacion: L. DE LA TORRE Y FALUCHO";FIJA;L. DE LA TORRE Y FALUCHO;SANTA MARTA;-58.444873;-34.752368
FIO47b;"Tipo: FIJA
Ubicacion: RODRIGUEZ Y COSQUIN";FIJA;RODRIGUEZ Y COSQUIN;SANTA MARTA;-58.436183;-34.7367
BUD41b;"Tipo: FIJA
Ubicacion: HOMERO Y ARZUELA";FIJA;HOMERO Y ARZUELA;SANTA MARTA;-58.454819;-34.744998
BUD63A;;FIJA;TROPAS Y VERNET;SANTA MARTA;-58.4366765;-34.7401858
BUD63B;;FIJA;TROPAS Y VERNET;SANTA MARTA;-58.4365907;-34.7401726
BUD63;;FIJA;TROPAS Y VERNET;SANTA MARTA;-58.4366443;-34.7401153
Presidente Juan Domingo Perón & Ana Acerboni;CAMARA 3;CAMARA INTERNA;PUERTA TALLERES MUNICIPALES;SANTA MARTA;-58.4327822;-34.7401524
Ana Acerboni & Presidente Juan Domingo Perón;CAMARA 6;CAMARA INTERNA;TALLER MUNICIPAL;SANTA MARTA;-58.4326884;-34.7399521
BUD91;;;Bustos & Punta Alta;SANTA MARTA;-58.4569496;-34.7479419
BUD94;;;PUNTA ALTA Y OHIGINS;SANTA MARTA;-58.4598159;-34.7495393
BFD04;"Tipo: DOMO
Ubicacion: PUENTE TURDERA";DOMO;PUENTE TURDERA;TURDERA;-58.40906;-34.795039
TEM04;"Tipo: DOMO
Ubicacion: PARQUE FINKY";DOMO;PARQUE FINKY;TURDERA;-58.3988034;-34.7862629
TUR03;"Tipo: FIJA
Ubicacion: YRIGOYEN Y ANTARTIDA ARGENTINA";FIJA;YRIGOYEN Y ANTARTIDA ARGENTINA;TURDERA;-58.408639;-34.7893578
TUR08;"Tipo: DOMO
Ubicacion: SANABRIA Y ESQUIU";DOMO;SANABRIA Y ESQUIU;TURDERA;-58.401947;-34.794246
TUR01;"Tipo: DOMO
Ubicacion: FRIAS Y ANTARTIDA ARGENTINA";DOMO;FRIAS Y ANTARTIDA ARGENTINA;TURDERA;-58.4146404;-34.7927781
TUR02;"Tipo: DOMO
Ubicacion: YRIGOYEN Y ANTARTIDA ARGENTINA";DOMO;YRIGOYEN Y ANTARTIDA ARGENTINA;TURDERA;-58.4082661;-34.7892883
TUR14;"Tipo: DOMO
Ubicacion: SANTA MARIA Y RIEGO NUNEZ";DOMO;SANTA MARIA Y RIEGO NUNEZ;TURDERA;-58.402269;-34.787669
TUR11;"Tipo: DOMO
Ubicacion: ZAPIOLA Y AGUERO";DOMO;ZAPIOLA Y AGUERO;TURDERA;-58.405756;-34.790484
TUR12;"Tipo: DOMO
Ubicacion: PADRE BRUNO Y SUIPACHA";DOMO;PADRE BRUNO Y SUIPACHA;TURDERA;-58.4045961;-34.7913086
TUR13;"Tipo: DOMO
Ubicacion: ANTARTIDA ARGENTINA Y SAN MATEO";DOMO;ANTARTIDA ARGENTINA Y SAN MATEO;TURDERA;-58.4112515;-34.7907818
TUR15;"Tipo: DOMO
Ubicacion: SAN  LUIS Y VAGO";DOMO;SAN  LUIS Y VAGO;TURDERA;-58.4095;-34.78829
TUR16;"Tipo: DOMO
Ubicacion: VAGO Y MARINO";DOMO;VAGO Y MARINO;TURDERA;-58.410938;-34.78644
TUR17;"Tipo: DOMO
Ubicacion: PICHINCHA Y VAGO";DOMO;PICHINCHA Y VAGO;TURDERA;-58.4113344;-34.7858779
TUR18;"Tipo: DOMO
Ubicacion: 25 DE MAYO Y ALONSO";DOMO;25 DE MAYO Y ALONSO;TURDERA;-58.4136781;-34.7855427
TUR19;"Tipo: DOMO
Ubicacion: 9 DE JULIO Y SAN BLAS";DOMO;9 DE JULIO Y SAN BLAS;TURDERA;-58.414586;-34.789559
TUR20;"Tipo: DOMO
Ubicacion: 9 DE JULIO Y SAN MATEO";DOMO;9 DE JULIO Y SAN MATEO;TURDERA;-58.412869;-34.788642
TUR21;"Tipo: DOMO
Ubicacion: SAN ISIDRO Y 9 DE JULIO";DOMO;SAN ISIDRO Y 9 DE JULIO;TURDERA;-58.412054;-34.788167
TUR22;"Tipo: DOMO
Ubicacion: SAN RAFAEL Y PATRICIOS";DOMO;SAN RAFAEL Y PATRICIOS;TURDERA;-58.4104157;-34.7932893
TUR23;"Tipo: DOMO
Ubicacion: YRIGOYEN Y RECONQUISTA";DOMO;YRIGOYEN Y RECONQUISTA;TURDERA;-58.4090992;-34.7918567
TUR24;"Tipo: DOMO
Ubicacion: ESQUIU Y ZAPIOLA";DOMO;ESQUIU Y ZAPIOLA;TURDERA;-58.4064248;-34.7946378
TUR25;"Tipo: DOMO
Ubicacion: ZAPIOLA Y AZCUENAGA";DOMO;ZAPIOLA Y AZCUENAGA;TURDERA;-58.406204;-34.7929927
TUR27;"Tipo: DOMO
Ubicacion: SEGUROLA Y RIEGO NUNEZ";DOMO;SEGUROLA Y RIEGO NUNEZ;TURDERA;-58.398718;-34.792422
TUR28;"Tipo: DOMO
Ubicacion: SEGUROLA Y SANTA TERESA";DOMO;SEGUROLA Y SANTA TERESA;TURDERA;-58.406126;-34.79648
TUR29;"Tipo: DOMO
Ubicacion: YRIGOYEN Y SEGUROLA";DOMO;YRIGOYEN Y SEGUROLA;TURDERA;-58.408341;-34.7976445
TUR30;"Tipo: DOMO
Ubicacion: SANTA MARIA Y SAN JOAQUIN";DOMO;SANTA MARIA Y SAN JOAQUIN;TURDERA;-58.396776;-34.788642
TUR32;"Tipo: DOMO
Ubicacion: FRIAS Y 9 DE JULIO";DOMO;FRIAS Y 9 DE JULIO;TURDERA;-58.416378;-34.790625
TUR33;"Tipo: DOMO
Ubicacion: SEGUROLA Y VICENTE LOPEZ";DOMO;SEGUROLA Y VICENTE LOPEZ;TURDERA;-58.395553;-34.790647
TUR34;"Tipo: DOMO
Ubicacion: YRIGOYEN Y BUENAVENTURA";DOMO;YRIGOYEN Y BUENAVENTURA;TURDERA;-58.4081009;-34.7876397
TUR10;"Tipo: DOMO
Ubicacion: SANTA MARIA Y SAN LORENZO";DOMO;SANTA MARIA Y SAN LORENZO;TURDERA;-58.406367;-34.786642
TUR36;"Tipo: DOMO
Ubicacion: PICHINCHA Y SAN FRANCISCO";DOMO;PICHINCHA Y SAN FRANCISCO;TURDERA;-58.414897;-34.787638
TUR37;"Tipo: FIJA
Ubicacion: AGUERO Y PUIG";FIJA;AGUERO Y PUIG;TURDERA;-58.402919;-34.790803
TUR04;"Tipo: FIJA
Ubicacion: YRIGOYEN Y ANTARTIDA ARGENTINA";FIJA;YRIGOYEN Y ANTARTIDA ARGENTINA;TURDERA;-58.4086658;-34.7893733
TUR23b;"Tipo: FIJA
Ubicacion: YRIGOYEN Y RECONQUISTA";FIJA;YRIGOYEN Y RECONQUISTA;TURDERA;-58.409091;-34.7918151
TUR37b;"Tipo: FIJA
Ubicacion: AGUERO Y PUIG";FIJA;AGUERO Y PUIG;TURDERA;-58.40298;-34.790783
BFD04a;"Tipo: FIJA
Ubicacion: PUENTE TURDERA";FIJA;PUENTE TURDERA;TURDERA;-58.409181;-34.794912
TUR06;"Tipo: FIJA
Ubicacion: SANABRIA Y ESQUIU";FIJA;SANABRIA Y ESQUIU;TURDERA;-58.402033;-34.794268
TUR07;"Tipo: FIJA
Ubicacion: SANABRIA Y ESQUIU";FIJA;SANABRIA Y ESQUIU;TURDERA;-58.402162;-34.794281
TUR41;;;RECONQUISTA Y PUIG;TURDERA;-58.4033158;-34.7924773
TUR41A;;;Reconquista & Avenida Luis Puig;TURDERA;-58.4032861;-34.7924789
TUR42;;;San Blas & Antártida Argentina;TURDERA;-58.4127529;-34.7916131
BFD04B;;;PLAZA ROLDAN;TURDERA;-58.4092015;-34.7950183
FIO35;"Tipo: DOMO
Ubicacion: CAMPOAMOR Y BUCAREST";DOMO;CAMPOAMOR Y BUCAREST;ALBERTINA;-58.446515;-34.725848
FIO36;"Tipo: DOMO
Ubicacion: MARCELLA Y MACHADO";DOMO;MARCELLA Y MACHADO;ALBERTINA;-58.448231;-34.737063
BUD04;"Tipo: DOMO
Ubicacion: PLAZA EVITA";DOMO;PLAZA EVITA;ALBERTINA;-58.447898;-34.729911
BUD05;"Tipo: DOMO
Ubicacion: HORNERO E ITATI";DOMO;HORNERO E ITATI;ALBERTINA;-58.461492;-34.73604
BUD08;"Tipo: DOMO
Ubicacion: HORNERO EIBAR";DOMO;HORNERO EIBAR;ALBERTINA;-58.458059;-34.74066
CEN59;"Tipo: DOMO
Ubicacion: PERON Y MARCELLA";DOMO;PERON Y MARCELLA;ALBERTINA;-58.438235;-34.731978
CEN28;"Tipo: DOMO
Ubicacion: PERON E ITATI";DOMO;PERON E ITATI;ALBERTINA;-58.4423117;-34.7261453
CEN36;"Tipo: DOMO
Ubicacion: FALUCHO E ITATI";DOMO;FALUCHO E ITATI;ALBERTINA;-58.45866;-34.734559
FIO28;"Tipo: DOMO
Ubicacion: MARCELLA Y GUAMINI";DOMO;MARCELLA Y GUAMINI;ALBERTINA;-58.442094;-34.733889
CEN34;"Tipo: FIJA
Ubicacion: ITATI Y R. PALMA";FIJA;ITATI Y R. PALMA;ALBERTINA;-58.451493;-34.730685
FIO26;"Tipo: FIJA
Ubicacion: HOMERO Y BAYONA";FIJA;HOMERO Y BAYONA;ALBERTINA;-58.458488;-34.739655
CEN37;"Tipo: DOMO
Ubicacion: MACHADO Y PARIS";DOMO;MACHADO Y PARIS;ALBERTINA;-58.450012;-34.73485
CEN38;"Tipo: DOMO
Ubicacion: PARIS Y MONTIEL";DOMO;PARIS Y MONTIEL;ALBERTINA;-58.445045;-34.732337
CEN26;"Tipo: FIJA
Ubicacion: PERON E ITATI";FIJA;PERON E ITATI;ALBERTINA;-58.442695;-34.726147
CEN44;"Tipo: DOMO
Ubicacion: ITATI Y R. PALMA";DOMO;ITATI Y R. PALMA;ALBERTINA;-58.451428;-34.730671
BUD39;"Tipo: DOMO
Ubicacion: EIBAR Y A OHIGGINS";DOMO;EIBAR Y A OHIGGINS;ALBERTINA;-58.464196;-34.74357
FIO47;"Tipo: DOMO
Ubicacion: RODRIGUEZ Y COSQUIN";DOMO;RODRIGUEZ Y COSQUIN;ALBERTINA;-58.436194;-34.736666
BUD40;"Tipo: DOMO
Ubicacion: MARSELLA Y ANDRES BELLO";DOMO;MARSELLA Y ANDRES BELLO;ALBERTINA;-58.451986;-34.738897
BUD41;"Tipo: DOMO
Ubicacion: HOMERO Y ARZUELA";DOMO;HOMERO Y ARZUELA;ALBERTINA;-58.454819;-34.744998
CEN53;"Tipo: FIJA
Ubicacion: PERON E ITATI";FIJA;PERON E ITATI;ALBERTINA;-58.442348;-34.726098
CEN56;"Tipo: DOMO
Ubicacion: RAWSON Y ESPROCEDA";DOMO;RAWSON Y ESPROCEDA;ALBERTINA;-58.444078;-34.737863
BUD55;"Tipo: FIJA
Ubicacion: CAMPOAMOR Y GINEBRA";FIJA;CAMPOAMOR Y GINEBRA;ALBERTINA;-58.446724;-34.725366
BUD59;"Tipo: DOMO
Ubicacion: BAYONA 45";DOMO;BAYONA 45;ALBERTINA;-58.456278;-34.738525
BUD64;"Tipo: FIJA
Ubicacion: LA HAYA 2155";FIJA;LA HAYA 2155;ALBERTINA;-58.451565;-34.729117
BUD64a;"Tipo: FIJA
Ubicacion: LA HAYA 2155";FIJA;LA HAYA 2155;ALBERTINA;-58.451624;-34.729139
BUD68;"Tipo: FIJA
Ubicacion: IPARRAGUIRRE Y ONDARRIBIA";FIJA;IPARRAGUIRRE Y ONDARRIBIA;ALBERTINA;-58.461682;-34.743494
FIO27;"Tipo: FIJA
Ubicacion: HOMERO Y BAYONA";FIJA;HOMERO Y BAYONA;ALBERTINA;-58.456211;-34.738493
FIO47b;"Tipo: FIJA
Ubicacion: RODRIGUEZ Y COSQUIN";FIJA;RODRIGUEZ Y COSQUIN;ALBERTINA;-58.436183;-34.7367
BUD40b;"Tipo: FIJA
Ubicacion: MARSELLA Y ANDRES BELLO";FIJA;MARSELLA Y ANDRES BELLO;ALBERTINA;-58.452061;-34.738941
BUD41b;"Tipo: FIJA
Ubicacion: HOMERO Y ARZUELA";FIJA;HOMERO Y ARZUELA;ALBERTINA;-58.454819;-34.744998
BUD55b;"Tipo: FIJA
Ubicacion: CAMPOAMOR Y GINEBRA";FIJA;CAMPOAMOR Y GINEBRA;ALBERTINA;-58.446783;-34.725284
CEN08;;;SARMIENTO Y PALMA;ALBERTINA;-58.4444485;-34.7395482
BUD87;;;Terrada & Ramallo;ALBERTINA;-58.466459;-34.7392713
BUD87A;;;TERRADA Y RAMALLO;ALBERTINA;-58.466467;-34.7392933
BUD88;;;Guernica & Terrada;ALBERTINA;-58.4609507;-34.7466281
BUD89;;;Zuberoa & Iparraguirre;ALBERTINA;-58.4635487;-34.7410988
BUD90;;;Oyarzun & Bernardo O'Higgins;ALBERTINA;-58.4630305;-34.7452202
BUD92;;;Arana Goiri & Ondarribia;ALBERTINA;-58.4595267;-34.7423362
BUD93;;;ELCANO Y BUSTOS;ALBERTINA;-58.4660574;-34.735781
BUD93A;;;ELCANO Y BUSTOS;ALBERTINA;-58.4661057;-34.7357744
BUD95;;;Juan Manuel de Lavardén & Ostende;ALBERTINA;-58.4580042;-34.7333561
BUD95;;;LAVARDEN Y OSTENDE;ALBERTINA;-58.4580606;-34.7333407
BUD84;;;CARRIEGO Y OSTENDE;ALBERTINA;-58.4555377;-34.7320467
CEN60a;Mario Bravo y Puerto Argentino ;;;CENTENARIO;-58.425697;-34.7269805
CEN19;"Tipo: DOMO 
Ubicacion: UNAMUNO Y PARIS";DOMO;UNAMUNO Y PARIS;CENTENARIO;-58.4327225;-34.7264514
CEN21;"Tipo: DOMO
Ubicacion: LARROQUE Y V DE LA PLAZA";DOMO;LARROQUE Y V DE LA PLAZA;CENTENARIO;-58.4290803;-34.7422362
CEN24;"Tipo: DOMO
Ubicacion: RODRIGUEZ Y CONSTITUCION";DOMO;RODRIGUEZ Y CONSTITUCION;CENTENARIO;-58.422469;-34.729394
FIO34;"Tipo: DOMO
Ubicacion: NUÑEZ DE ARCE Y MARSELLA";DOMO;NUÑEZ DE ARCE Y MARSELLA;CENTENARIO;-58.436055;-34.730672
BUD29;"Tipo: DOMO
Ubicacion: PARIS Y DARWIN";DOMO;PARIS Y DARWIN;CENTENARIO;-58.423684;-34.721368
CEN02;"Tipo: DOMO
Ubicacion: HORNOS Y RODRIGUEZ";DOMO;HORNOS Y RODRIGUEZ;CENTENARIO;-58.417826;-34.726994
CEN03;"Tipo: DOMO
Ubicacion: PERON Y MARTIN RODRIGUEZ";DOMO;PERON Y MARTIN RODRIGUEZ;CENTENARIO;-58.43452;-34.735829
CEN06;"Tipo: DOMO
Ubicacion: RODRIGUEZ Y 12 DE OCTUBRE";DOMO;RODRIGUEZ Y 12 DE OCTUBRE;CENTENARIO;-58.4285;-34.732688
CEN09;"Tipo: DOMO
Ubicacion: PLAZA 420";DOMO;PLAZA 420;CENTENARIO;-58.432231;-34.737908
CEN20;"Tipo: DOMO
Ubicacion: UNAMUNO E ITATI";DOMO;UNAMUNO E ITATI;CENTENARIO;-58.435442;-34.722761
CEN29;"Tipo: DOMO
Ubicacion: SICILIANO Y TIMOTEO GIRDILLO";DOMO;SICILIANO Y TIMOTEO GIRDILLO;CENTENARIO;-58.4292094;-34.7390267
CEN30;"Tipo: DOMO
Ubicacion: SICILIANO Y VERNET";DOMO;SICILIANO Y VERNET;CENTENARIO;-58.431054;-34.736949
CEN32;"Tipo: DOMO
Ubicacion: MISTRAL Y ZAMORA";DOMO;MISTRAL Y ZAMORA;CENTENARIO;-58.420347;-34.72937
FIO10;"Tipo: DOMO
Ubicacion: EJ DE LOS ANDES Y NUÑES V ARCE";DOMO;EJ DE LOS ANDES Y NUÑES V ARCE;CENTENARIO;-58.4430199;-34.7216101
BFD19;"Tipo: FIJA
Ubicacion: LARROQUE Y 12 DE OCTUBRE";FIJA;LARROQUE Y 12 DE OCTUBRE;CENTENARIO;-58.425411;-34.741586
CEN17;"Tipo: FIJA
Ubicacion: ITATI Y UNAMUNO";FIJA;ITATI Y UNAMUNO;CENTENARIO;-58.435893;-34.722708
CEN22;"Tipo: FIJA
Ubicacion: PLUMERILLO Y RODRIGUEZ";FIJA;PLUMERILLO Y RODRIGUEZ;CENTENARIO;-58.422432;-34.729377
CEN27;"Tipo: FIJA
Ubicacion: ITATI Y PERON BAJADA";FIJA;ITATI Y PERON BAJADA;CENTENARIO;-58.441515;-34.726544
BFD54;"Tipo: DOMO
Ubicacion: MILAN Y MISTRAL";DOMO;MILAN Y MISTRAL;CENTENARIO;-58.426859;-34.732681
FIO40;"Tipo: DOMO
Ubicacion: HORNOS Y BOLONA";DOMO;HORNOS Y BOLONA;CENTENARIO;-58.424585;-34.718052
CEN42;"Tipo: DOMO
Ubicacion: FILARDI Y AMSTERDAM";DOMO;FILARDI Y AMSTERDAM;CENTENARIO;-58.4284984;-34.7257218
CEN41;"Tipo: DOMO
Ubicacion: MIRO Y OSTENDE";DOMO;MIRO Y OSTENDE;CENTENARIO;-58.439745;-34.723714
CEN43;"Tipo: DOMO
Ubicacion: PLUMERILLO Y BARCELONA";DOMO;PLUMERILLO Y BARCELONA;CENTENARIO;-58.42628;-34.724516
BFD68;"Tipo: DOMO
Ubicacion: URIARTE Y C. GLADE";DOMO;URIARTE Y C. GLADE;CENTENARIO;-58.413448;-34.732602
CEN46;"Tipo: DOMO
Ubicacion: HORNOS Y UGARTE";DOMO;HORNOS Y UGARTE;CENTENARIO;-58.4209046;-34.7229291
CEN47;"Tipo: DOMO
Ubicacion: PLUMERILLO E ITATI";DOMO;PLUMERILLO E ITATI;CENTENARIO;-58.429971;-34.719763
CEN48;"Tipo: DOMO
Ubicacion: CARLOS GLADE Y ZAMORA";DOMO;CARLOS GLADE Y ZAMORA;CENTENARIO;-58.416581;-34.734083
CEN49;"Tipo: DOMO
Ubicacion: 12 DE OCTUBRE Y G. FRANC";DOMO;12 DE OCTUBRE Y G. FRANC;CENTENARIO;-58.42628;-34.738086
CEN50;"Tipo: DOMO
Ubicacion: CONSTITUCION Y ANA ACERBONI";DOMO;CONSTITUCION Y ANA ACERBONI;CENTENARIO;-58.419977;-34.732642
CEN51;"Tipo: DOMO
Ubicacion: BILBAO LA VIEJA Y ANA ACERBONI";DOMO;BILBAO LA VIEJA Y ANA ACERBONI;CENTENARIO;-58.423474;-34.734564
CEN52;"Tipo: DOMO
Ubicacion: PRENSA ARGENTINA Y M ISTRAL";DOMO;PRENSA ARGENTINA Y M ISTRAL;CENTENARIO;-58.433211;-34.736208
CEN54;"Tipo: DOMO
Ubicacion: LARROQUE 2400  Y SISCILIANO";DOMO;LARROQUE 2400  Y SISCILIANO;CENTENARIO;-58.427412;-34.74127
CEN55;"Tipo: FIJA
Ubicacion: RODRIGUEZ Y PRENSA ARGENTINA";FIJA;RODRIGUEZ Y PRENSA ARGENTINA;CENTENARIO;-58.433798;-34.735511
CEN58;"Tipo: FIJA
Ubicacion: 12 DE OCTUBRE Y VERNET";FIJA;12 DE OCTUBRE Y VERNET;CENTENARIO;-58.427637;-34.734848
CEN09b;"Tipo: FIJA
Ubicacion: BARRIO 420";FIJA;BARRIO 420;CENTENARIO;-58.432258;-34.737926
CEN09a;"Tipo: FIJA
Ubicacion: BARRIO 420";FIJA;BARRIO 420;CENTENARIO;-58.432241;-34.737927
FIO34b;"Tipo: FIJA
Ubicacion: NUNEZ DE ARCE Y MARSELLA";FIJA;NUNEZ DE ARCE Y MARSELLA;CENTENARIO;-58.436037;-34.730683
CEN02b;"Tipo: FIJA
Ubicacion: HORNOS Y RODRIGUEZ";FIJA;HORNOS Y RODRIGUEZ;CENTENARIO;-58.41774;-34.726976
CEN06b;"Tipo: FIJA
Ubicacion: RODRIGUEZ Y 12 DE OCTUBRE";FIJA;RODRIGUEZ Y 12 DE OCTUBRE;CENTENARIO;-58.428531;-34.7327
CEN32b;"Tipo: FIJA
Ubicacion: MISTRAL Y ZAMORA";FIJA;MISTRAL Y ZAMORA;CENTENARIO;-58.420419;-34.729375
BFD20;"Tipo: FIJA
Ubicacion: LARROQUE Y 12 DE OCTUBRE";FIJA;LARROQUE Y 12 DE OCTUBRE;CENTENARIO;-58.425333;-34.741586
CEN18;"Tipo: FIJA
Ubicacion: UNAMUNO E ITATI";FIJA;UNAMUNO E ITATI;CENTENARIO;-58.435842;-34.72265
CEN23;"Tipo: FIJA
Ubicacion: RODRIGUEZ Y CONSTITUCION";FIJA;RODRIGUEZ Y CONSTITUCION;CENTENARIO;-58.4224;-34.729354
FIO12;"Tipo: FIJA
Ubicacion: PLUMERILLO Y EJERCITO DE LOS ANDES";FIJA;PLUMERILLO Y EJERCITO DE LOS ANDES;CENTENARIO;-58.4328458;-34.7161089
CEN46b;"Tipo: FIJA
Ubicacion: HORNOS Y UGARTE";FIJA;HORNOS Y UGARTE;CENTENARIO;-58.420851;-34.723008
CEN49b;"Tipo: FIJA
Ubicacion: 12 DE OCTUBRE Y G. FRANC";FIJA;12 DE OCTUBRE Y G. FRANC;CENTENARIO;-58.426237;-34.738155
CEN58b;"Tipo: FIJA
Ubicacion: 12 DE OCTUBRE Y VERNET";FIJA;12 DE OCTUBRE Y VERNET;CENTENARIO;-58.427527;-34.73481
CEN60;Mario Bravo y Puerto Argentino;Fija;;CENTENARIO;-58.4257064;-34.7269871
BFD20A;;;PLAZA JUSTICIA;CENTENARIO;-58.4254826;-34.7415579
CEN64;;;Nápoles & Gabriel Miró;CENTENARIO;-58.4380641;-34.7260033
CEN64A;;;NAPOLES Y MIRO;CENTENARIO;-58.4381097;-34.7260143
BFD03;"Tipo: DOMO
Ubicacion: PTE LA NORIA";DOMO;PTE LA NORIA;FIORITO;-58.45881;-34.70664
FIO33;"Tipo: DOMO
Ubicacion: LARRABAL  Y AZAMOR";DOMO;LARRABAL  Y AZAMOR;FIORITO;-58.442094;-34.70066
FIO37;"Tipo: DOMO
Ubicacion: COLECTORA Y AZAMOR";DOMO;COLECTORA Y AZAMOR;FIORITO;-58.455806;-34.70888
FIO01;"Tipo: DOMO
Ubicacion: PERON Y RECONDO";DOMO;PERON Y RECONDO;FIORITO;-58.451214;-34.714835
FIO10;"Tipo: DOMO
Ubicacion: EJ DE LOS ANDES Y NUÑES V ARCE";DOMO;EJ DE LOS ANDES Y NUÑES V ARCE;FIORITO;-58.4430199;-34.7216101
FIO13;"Tipo: FIJA
Ubicacion: PLUMERILLO Y EJERCITO DE LOS ANDES";FIJA;PLUMERILLO Y EJERCITO DE LOS ANDES;FIORITO;-58.433402;-34.716188
FIO14;"Tipo: DOMO
Ubicacion: CAMPANA Y PIO BAROJA";DOMO;CAMPANA Y PIO BAROJA;FIORITO;-58.449433;-34.710097
FIO15;"Tipo: DOMO
Ubicacion: MIRO Y BARADERO";DOMO;MIRO Y BARADERO;FIORITO;-58.451235;-34.709392
FIO16;"Tipo: DOMO
Ubicacion: AYOLAS Y PIO BAROJA";DOMO;AYOLAS Y PIO BAROJA;FIORITO;-58.446622;-34.71366
FIO17;"Tipo: DOMO
Ubicacion: EJ. DE LOS ANDES Y UNAMUNO";DOMO;EJ. DE LOS ANDES Y UNAMUNO;FIORITO;-58.4384065;-34.718859
FIO18;"Tipo: DOMO
Ubicacion: RECONDO Y UNAMUNO";DOMO;RECONDO Y UNAMUNO;FIORITO;-58.445914;-34.711809
FIO19;"Tipo: DOMO
Ubicacion: HORNOS Y RECONDO";DOMO;HORNOS Y RECONDO;FIORITO;-58.434134;-34.70567
FIO24;"Tipo: DOMO
Ubicacion: BERMEJO Y MURATURE";DOMO;BERMEJO Y MURATURE;FIORITO;-58.435335;-34.711747
FIO25;"Tipo: DOMO
Ubicacion: QUESADA Y PLUMERILLO";DOMO;QUESADA Y PLUMERILLO;FIORITO;-58.438007;-34.710424
FIO30;"Tipo: DOMO
Ubicacion: CAMPANAY MURATURE";DOMO;CAMPANAY MURATURE;FIORITO;-58.440667;-34.704691
FIO32;"Tipo: DOMO
Ubicacion: LA RIVERA Y LARRAZABAL";DOMO;LA RIVERA Y LARRAZABAL;FIORITO;-58.450109;-34.693338
FIO31;"Tipo: DOMO
Ubicacion: REANO Y LARRAZABAL";DOMO;REANO Y LARRAZABAL;FIORITO;-58.444208;-34.698172
FIO41;"Tipo: DOMO
Ubicacion: HORNOS Y RIVERA SUR";DOMO;HORNOS Y RIVERA SUR;FIORITO;-58.446772;-34.689351
FIO09;"Tipo: FIJA
Ubicacion: EJERCITO Y PERON";FIJA;EJERCITO Y PERON;FIORITO;-58.4448123;-34.7224179
FIO06;"Tipo: FIJA
Ubicacion: PERON Y CANADA";FIJA;PERON Y CANADA;FIORITO;-58.448322;-34.71824
FIO11;"Tipo: FIJA
Ubicacion: PLUMERILLO Y EJERCITO";FIJA;PLUMERILLO Y EJERCITO;FIORITO;-58.432867;-34.716093
FIO20;"Tipo: DOMO
Ubicacion: RECONDO Y MURATURE";DOMO;RECONDO Y MURATURE;FIORITO;-58.43824;-34.707645
FIO22;"Tipo: FIJA
Ubicacion: MURATURE Y PILCOMAYO";FIJA;MURATURE Y PILCOMAYO;FIORITO;-58.440249;-34.705246
FIO38;"Tipo: FIJA
Ubicacion: UPA24 PERON COLECTORA A CAP";FIJA;UPA24 PERON COLECTORA A CAP;FIORITO;-58.450394;-34.715252
FIO03;"Tipo: DOMO
Ubicacion: ECOPUNTO";DOMO;ECOPUNTO;FIORITO;-58.4546579;-34.6989135
FIO42;"Tipo: DOMO
Ubicacion: LARRAZABAL Y MORSE";DOMO;LARRAZABAL Y MORSE;FIORITO;-58.4463214;-34.6963864
FIO43;"Tipo: DOMO
Ubicacion: EJ. DE LOS ANDES Y PERON";DOMO;EJ. DE LOS ANDES Y PERON;FIORITO;-58.4447707;-34.7224769
FIO45;"Tipo: DOMO
Ubicacion: RECONDO Y MURATURE";DOMO;RECONDO Y MURATURE;FIORITO;-58.43826;-34.70765
FIO46;"Tipo: DOMO
Ubicacion: HORNO Y EJ. DE LOS ANDES";DOMO;HORNO Y EJ. DE LOS ANDES;FIORITO;-58.4281397;-34.7134936
BUD42;"Tipo: FIJA
Ubicacion: PUENTE LA NORIA";FIJA;PUENTE LA NORIA;FIORITO;-58.458965;-34.706583
BUD43;"Tipo: FIJA
Ubicacion: PUENTE LA NORIA";FIJA;PUENTE LA NORIA;FIORITO;-58.458574;-34.706753
FIO48;"Tipo: DOMO
Ubicacion: RECONDO Y MIRO ( PARQUE RECONDO)";DOMO;RECONDO Y MIRO ( PARQUE RECONDO);FIORITO;-58.4483639;-34.7139691
FIO49;"Tipo: FIJA
Ubicacion: PERON Y BARADERO";FIJA;PERON Y BARADERO;FIORITO;-58.454145;-34.710747
FIO50;"Tipo: FIJA
Ubicacion: ROBERTO ART E ISLANDIA";FIJA;ROBERTO ART E ISLANDIA;FIORITO;-58.440457;-34.7168199
FIO51;"Tipo: DOMO
Ubicacion: MERCADO LOMAS";DOMO;MERCADO LOMAS;FIORITO;-58.453485;-34.706875
FIO52;"Tipo: DOMO
Ubicacion: ECOPUNTO";DOMO;ECOPUNTO;FIORITO;-58.4534754;-34.6997586
FIO54a;"Tipo: FIJA
Ubicacion: FIGUEREDO Y MIRO";FIJA;FIGUEREDO Y MIRO;FIORITO;-58.452159;-34.708171
FIO15a;"Tipo: FIJA
Ubicacion: MIRO Y BARADERO ISDF 103";FIJA;MIRO Y BARADERO ISDF 103;FIORITO;-58.451309;-34.709448
FIO16a;"Tipo: FIJA
Ubicacion: AYOLAS Y PIO BAROJA SEC56";FIJA;AYOLAS Y PIO BAROJA SEC56;FIORITO;-58.446606;-34.713675
FIO54;"Tipo: FIJA
Ubicacion: FIGUEREDO Y MIRO";FIJA;FIGUEREDO Y MIRO;FIORITO;-58.452262;-34.708227
FIO55;"Tipo: FIJA
Ubicacion: AZAMOR 297 ESC79";FIJA;AZAMOR 297 ESC79;FIORITO;-58.443276;-34.701218
FIO57a;"Tipo: FIJA
Ubicacion: ISLANDIA 654 ESC";FIJA;ISLANDIA 654 ESC;FIORITO;-58.436903;-34.714979
FIO57b;"Tipo: FIJA
Ubicacion: ISLANDIA 654 ESC";FIJA;ISLANDIA 654 ESC;FIORITO;-58.436855;-34.714984
FIO57;"Tipo: FIJA
Ubicacion: ISLANDIA 654 ESC";FIJA;ISLANDIA 654 ESC;FIORITO;-58.436957;-34.714988
FIO58a;"Tipo: FIJA
Ubicacion: PERON Y FIGUEREDO ATRAS";FIJA;PERON Y FIGUEREDO ATRAS;FIORITO;-58.455311;-34.709912
FIO58;"Tipo: FIJA
Ubicacion: PERON Y FIGUEREDO ENTRADA";FIJA;PERON Y FIGUEREDO ENTRADA;FIORITO;-58.455344;-34.709881
FIO32c;"Tipo: FIJA
Ubicacion: LA RIVERA Y LARRAZABAL";FIJA;LA RIVERA Y LARRAZABAL;FIORITO;-58.449987;-34.693324
FIO32b;"Tipo: FIJA
Ubicacion: LA RIVERA Y LARRAZABAL";FIJA;LA RIVERA Y LARRAZABAL;FIORITO;-58.450196;-34.693417
FIO07;"Tipo: FIJA
Ubicacion: PERON Y CANADA";FIJA;PERON Y CANADA;FIORITO;-58.447998;-34.718581
FIO12;"Tipo: FIJA
Ubicacion: PLUMERILLO Y EJERCITO DE LOS ANDES";FIJA;PLUMERILLO Y EJERCITO DE LOS ANDES;FIORITO;-58.4328458;-34.7161089
FIO23;"Tipo: FIJA
Ubicacion: MURATURE Y PILCOMAYO";FIJA;MURATURE Y PILCOMAYO;FIORITO;-58.440314;-34.705265
FIO39;"Tipo: FIJA
Ubicacion: UPA24 PERON COLECTORA A CAP";FIJA;UPA24 PERON COLECTORA A CAP;FIORITO;-58.450434;-34.715272
FIO03b;"Tipo: FIJA
Ubicacion: ECOPUNTO";FIJA;ECOPUNTO;FIORITO;-58.4547816;-34.699059
FIO49b;"Tipo: FIJA
Ubicacion: PERON Y BARADERO";FIJA;PERON Y BARADERO;FIORITO;-58.454068;-34.710859
FIO50b;"Tipo: FIJA
Ubicacion: ROBERTO ART E ISLANDIA";FIJA;ROBERTO ART E ISLANDIA;FIORITO;-58.4405221;-34.716766
FIO01c;"Tipo: FIJA
Ubicacion: PERON Y RECONDO";FIJA;PERON Y RECONDO;FIORITO;-58.451198;-34.71483
FIO01d;"Tipo: FIJA
Ubicacion: PERON Y RECONDO";FIJA;PERON Y RECONDO;FIORITO;-58.451205;-34.71485
FIO41b;"Tipo: FIJA
Ubicacion: HORNOS Y RIVERA SUR";FIJA;HORNOS Y RIVERA SUR;FIORITO;-58.446682;-34.689349
FIO53;"Tipo: FIJA
Ubicacion: ECO PUNTO FONDO";FIJA;ECO PUNTO FONDO;FIORITO;-58.453046;-34.7001874
FIO56;"Tipo: FIJA
Ubicacion: CAMPANA 524 E79";FIJA;CAMPANA 524 E79;FIORITO;-58.442341;-34.705734
FIO21;RECONDO Y DARWIN ;;;FIORITO;-58.4353662;-34.7061691
FIO59;FIGUEREDO Y UNAMUNO - FIJA ;;;FIORITO;-58.4492226;-34.7064748
FIO65;;;HORNOS Y DEFENSA;FIORITO;-58.4432667;-34.6937508
FIO65A;;;HORNOS Y DEFENSA;FIORITO;-58.4433257;-34.6936913
FIO60;;;LA ROSA Y BIBERA;FIORITO;-58.4523872;-34.6961952
FIO61;;;PARQUE SOLAR;FIORITO;-58.4520117;-34.6962349
FIO62;;;PARQUE SOLAR;FIORITO;-58.4518615;-34.6963584
FIO62A;;;PARQUE SOLAR;FIORITO;-58.4524945;-34.6966142
FIO62B;;;PARQUE SOLAR;FIORITO;-58.4523657;-34.6967112
FIO63;;;PARQUE SOLAR;FIORITO;-58.4521297;-34.696623
FIO63A;;;PARQUE SOLAR;FIORITO;-58.4518507;-34.6964642
FIO66;;;HORNOS Y BARADERO;FIORITO;-58.4372114;-34.7016743
FIO66A;;;Avenida General Hornos & Baradero;FIORITO;-58.4371765;-34.7017007
FIO67;;;Larrazabal & Baradero;FIORITO;-58.4401701;-34.7030991
FIO67A;;;Larrazabal & Baradero;FIORITO;-58.4401969;-34.7030672
FIO68;;;Camino de la Ribera Sur & Doctor José María Rosa;FIORITO;-58.4487135;-34.6915592
FIO68A;;;RIBERA Y ROSAS;FIORITO;-58.4486786;-34.6915217
FIO70;;;Quesada & Larrazabal;FIORITO;-58.4356867;-34.709173
FIO64;;;Hornos & Azamor;FIORITO;-58.4391475;-34.699206
FIO64A;;;HORNOS Y AZAMOR;FIORITO;-58.4390747;-34.6991892
FIO71;;;Benito Pérez Galdós & Roberto Arlt;FIORITO;-58.4482987;-34.70936
FIO71A;;;BENITO PEREZ GALDOS Y ART;FIORITO;-58.4482424;-34.7092717
FIO69;;;Quesada & Miguel de Unamuno;FIORITO;-58.4426371;-34.7130286
FIO69A;;;ART Y UNAMUNO;FIORITO;-58.442713;-34.7130815
BUD07;"Tipo: DOMO
Ubicacion: VIRGILIO Y CANADA";DOMO;VIRGILIO Y CANADA;LAMADRID;-58.465741;-34.727717
BUD14;"Tipo: DOMO
Ubicacion: CAMINO RE LA RIVERA Y VIRGILIO";DOMO;CAMINO RE LA RIVERA Y VIRGILIO;LAMADRID;-58.4744187;-34.7191198
BUD15;"Tipo: DOMO
Ubicacion: RIBERA SUR Y NEWTON";DOMO;RIBERA SUR Y NEWTON;LAMADRID;-58.479228;-34.723551
BUD18;"Tipo: DOMO
Ubicacion: ORAN Y VUCETICH";DOMO;ORAN Y VUCETICH;LAMADRID;-58.479034;-34.727982
BUD20;"Tipo: DOMO
Ubicacion: IPARRAGUIRRE Y METAN";DOMO;IPARRAGUIRRE Y METAN;LAMADRID;-58.473777;-34.727426
BUD22;"Tipo: DOMO
Ubicacion: EPECUEN Y TUYUTI";DOMO;EPECUEN Y TUYUTI;LAMADRID;-58.47471;-34.733184
BUD26;"Tipo: DOMO
Ubicacion: EPECUEN Y NEWTON";DOMO;EPECUEN Y NEWTON;LAMADRID;-58.472693;-34.732443
BUD16;"Tipo: FIJA
Ubicacion: RIBERA SUR Y NEWTON";FIJA;RIBERA SUR Y NEWTON;LAMADRID;-58.479103;-34.723691
BUD32;"Tipo: DOMO
Ubicacion: VIRGILIO Y TILCARA";DOMO;VIRGILIO Y TILCARA;LAMADRID;-58.47359;-34.719626
BUD33;"Tipo: DOMO
Ubicacion: RIVERA Y EUSKADI";DOMO;RIVERA Y EUSKADI;LAMADRID;-58.476319;-34.721068
BUD34;"Tipo: DOMO
Ubicacion: ANDRES BELLO Y LA RIVERA";DOMO;ANDRES BELLO Y LA RIVERA;LAMADRID;-58.471427;-34.71635
BUD35;"Tipo: DOMO
Ubicacion: PERGAMINO E IPARRAGUIRRE";DOMO;PERGAMINO E IPARRAGUIRRE;LAMADRID;-58.476577;-34.724296
BUD37;"Tipo: DOMO
Ubicacion: NEWTON Y LIMAY";DOMO;NEWTON Y LIMAY;LAMADRID;-58.475107;-34.729057
BUD65a;"Tipo: FIJA
Ubicacion: ORAN 599 ESC 49";FIJA;ORAN 599 ESC 49;LAMADRID;-58.4751015;-34.7258234
BUD65B;"Tipo: FIJA
Ubicacion: ORAN 599 ESC 49";FIJA;ORAN 599 ESC 49;LAMADRID;-58.475158;-34.7258458
BUD17;"Tipo: FIJA
Ubicacion: RIBERA SUR Y NEWTON";FIJA;RIBERA SUR Y NEWTON;LAMADRID;-58.479134;-34.72365
BUD32b;"Tipo: FIJA
Ubicacion: VIRGILIO Y TILCARA";FIJA;VIRGILIO Y TILCARA;LAMADRID;-58.473574;-34.719672
BUD32c;"Tipo: FIJA
Ubicacion: VIRGILIO Y TILCARA";FIJA;VIRGILIO Y TILCARA;LAMADRID;-58.473665;-34.719633
BUD75;;;Bruselas & Juan M. de Lavardén;LAMADRID;-58.4695475;-34.7193603
BUD75A;;;BRUSELAS Y LAVARDEN;LAMADRID;-58.4695797;-34.7193802
BUD74;;;Natal & Juan M. de Lavardén;LAMADRID;-58.4712376;-34.7182246
BFD46;"Tipo: DOMO
Ubicacion: NAHUEL HUAPI  Y LYNCH";DOMO;NAHUEL HUAPI  Y LYNCH;SAN JOSE;-58.365834;-34.745139
SJO01;"Tipo: DOMO
Ubicacion: EVA PERON Y SALTA";DOMO;EVA PERON Y SALTA;SAN JOSE;-58.361392;-34.761464
SJO04;"Tipo: DOMO
Ubicacion: SALTA 300";DOMO;SALTA 300;SAN JOSE;-58.3592781;-34.7642674
SJO02;"Tipo: DOMO
Ubicacion: PLAZA SAN MARTIN";DOMO;PLAZA SAN MARTIN;SAN JOSE;-58.3570573;-34.7622485
SJO03;"Tipo: DOMO
Ubicacion: EVA PERON Y RIO NEGRO";DOMO;EVA PERON Y RIO NEGRO;SAN JOSE;-58.358549;-34.760028
SJO06;"Tipo: DOMO
Ubicacion: EVA PERON Y BAIGORRIA";DOMO;EVA PERON Y BAIGORRIA;SAN JOSE;-58.367464;-34.764408
SJO07;"Tipo: DOMO
Ubicacion: CHAJA Y HOMERO ( PZA SAN CRISTOBAL)";DOMO;CHAJA Y HOMERO ( PZA SAN CRISTOBAL);SAN JOSE;-58.344532;-34.75563
SJO08;"Tipo: DOMO
Ubicacion: ARMESTI Y PORTUGAL";DOMO;ARMESTI Y PORTUGAL;SAN JOSE;-58.363838;-34.749476
SJO09;"Tipo: DOMO
Ubicacion: EUCALIPTUS Y EVA PERON";DOMO;EUCALIPTUS Y EVA PERON;SAN JOSE;-58.362443;-34.76194
SJO11;"Tipo: DOMO
Ubicacion: PASCO Y ANATOLE FANCE";DOMO;PASCO Y ANATOLE FANCE;SAN JOSE;-58.371284;-34.766241
SJO14;"Tipo: DOMO
Ubicacion: EL TALA Y PORTUGAL";DOMO;EL TALA Y PORTUGAL;SAN JOSE;-58.359396;-34.755232
SJO23;"Tipo: DOMO
Ubicacion: MONTEROS Y EVA PERON";DOMO;MONTEROS Y EVA PERON;SAN JOSE;-58.34105;-34.750957
SJO29;"Tipo: DOMO
Ubicacion: COSTA RICA Y EL TALA";DOMO;COSTA RICA Y EL TALA;SAN JOSE;-58.355191;-34.753214
SJO32;"Tipo: DOMO
Ubicacion: EVA PERON Y CAAGUAZU";DOMO;EVA PERON Y CAAGUAZU;SAN JOSE;-58.343164;-34.7522
SJO35;"Tipo: DOMO
Ubicacion: EL TREBOL  Y NEW YORK";DOMO;EL TREBOL  Y NEW YORK;SAN JOSE;-58.36019;-34.757692
SJO36;"Tipo: DOMO
Ubicacion: MADRE SELVA Y YATAY";DOMO;MADRE SELVA Y YATAY;SAN JOSE;-58.350256;-34.749282
SJO37;"Tipo: DOMO
Ubicacion: MEXICO Y BARILARI";DOMO;MEXICO Y BARILARI;SAN JOSE;-58.351135;-34.740872
SJO38;"Tipo: DOMO
Ubicacion: 12 DE AGOSTO Y BALTAZAR";DOMO;12 DE AGOSTO Y BALTAZAR;SAN JOSE;-58.346061;-34.743795
SJO39;"Tipo: DOMO
Ubicacion: HUNGRAÑA Y EL TREBOL";DOMO;HUNGRAÑA Y EL TREBOL;SAN JOSE;-58.350062;-34.752156
TEM48;"Tipo: DOMO
Ubicacion: RAVEL Y QUILMES";DOMO;RAVEL Y QUILMES;SAN JOSE;-58.364986;-34.769626
BFD48;"Tipo: FIJA
Ubicacion: BARCELO Y EZEIZA";FIJA;BARCELO Y EZEIZA;SAN JOSE;-58.366821;-34.745597
SJO12;"Tipo: FIJA
Ubicacion: EVA PERON Y PORTUGAL";FIJA;EVA PERON Y PORTUGAL;SAN JOSE;-58.35635;-34.758838
SJO19;"Tipo: FIJA
Ubicacion: EVA PERON Y CHAJA";FIJA;EVA PERON Y CHAJA;SAN JOSE;-58.346522;-34.754042
SJO21;"Tipo: FIJA
Ubicacion: EVA PERON Y ALIPPI";FIJA;EVA PERON Y ALIPPI;SAN JOSE;-58.340149;-34.75064
SJO30;"Tipo: FIJA
Ubicacion: EVA PERON Y CAAGUAZU";FIJA;EVA PERON Y CAAGUAZU;SAN JOSE;-58.342853;-34.752041
SJO33;"Tipo: FIJA
Ubicacion: EL TALA Y CAAGUAZU";FIJA;EL TALA Y CAAGUAZU;SAN JOSE;-58.344365;-34.748357
BFD47;"Tipo: DOMO
Ubicacion: ROMA Y LYNCH";DOMO;ROMA Y LYNCH;SAN JOSE;-58.366477;-34.745615
BFD55;"Tipo: DOMO
Ubicacion: O NEILL Y ONOFRE";DOMO;O NEILL Y ONOFRE;SAN JOSE;-58.358045;-34.743296
SJO40;"Tipo: DOMO
Ubicacion: ANCHORIS Y NAZARET";DOMO;ANCHORIS Y NAZARET;SAN JOSE;-58.358688;-34.752808
SJO41;"Tipo: DOMO
Ubicacion: SAN EDUARDO  Y MADRE SELVA";DOMO;SAN EDUARDO  Y MADRE SELVA;SAN JOSE;-58.365163;-34.757511
SJO42;"Tipo: DOMO
Ubicacion: LAS CASUARINAS Y MONROE";DOMO;LAS CASUARINAS Y MONROE;SAN JOSE;-58.354783;-34.749758
SJO43;"Tipo: DOMO
Ubicacion: ARMESTI Y  CAGUAZU";DOMO;ARMESTI Y  CAGUAZU;SAN JOSE;-58.347126;-34.740817
SJO46;"Tipo: DOMO
Ubicacion: SAN CRISTOBAL Y JUAN GARAY";DOMO;SAN CRISTOBAL Y JUAN GARAY;SAN JOSE;-58.346479;-34.759516
SJO45;"Tipo: DOMO
Ubicacion: EVA PERON Y SAN CRISTOBAL";DOMO;EVA PERON Y SAN CRISTOBAL;SAN JOSE;-58.349472;-34.755514
SJO49;"Tipo: DOMO
Ubicacion: EVA PERON Y PORTUGAL";DOMO;EVA PERON Y PORTUGAL;SAN JOSE;-58.35638;-34.758849
SJO48;"Tipo: DOMO
Ubicacion: EVA PERON Y CHAJA";DOMO;EVA PERON Y CHAJA;SAN JOSE;-58.346482;-34.754018
SJO53;"Tipo: DOMO

Ubicacion: CAAGUAZU Y EL TREBOL";DOMO;CAAGUAZU Y EL TREBOL;SAN JOSE;-58.344054;-34.749318
SJO54;"Tipo: DOMO

Ubicacion: HUNGRIA Y ARMESTI";DOMO;HUNGRIA Y ARMESTI;SAN JOSE;-58.355352;-34.745121
SJO55;"Tipo: DOMO
Ubicacion: ALEMANIA Y PORTUGAL";DOMO;ALEMANIA Y PORTUGAL;SAN JOSE;-58.362164;-34.751521
SJO52;"Tipo: DOMO
Ubicacion: SAN CRITOBAL Y EL ZORZAL";DOMO;SAN CRITOBAL Y EL ZORZAL;SAN JOSE;-58.34738;-34.758309
SJO47;"Tipo: FIJA
Ubicacion: 12 DE AGOSTO Y BALTAZAR";FIJA;12 DE AGOSTO Y BALTAZAR;SAN JOSE;-58.345964;-34.743803
SJO56;"Tipo: FIJA
Ubicacion: NUEVA YORK Y MIRASOL";FIJA;NUEVA YORK Y MIRASOL;SAN JOSE;-58.359568;-34.758452
TEM78;"Tipo: FIJA
Ubicacion: REVOLUCION DE TEMPERLEY Y ANCHORENA";FIJA;REVOLUCION DE TEMPERLEY Y ANCHORENA;SAN JOSE;-58.368909;-34.759603
TEM79;"Tipo: FIJA
Ubicacion: AV. REP. ARGENTINA Y 30 DE SEPTIEMBRE";FIJA;AV. REP. ARGENTINA Y 30 DE SEPTIEMBRE;SAN JOSE;-58.3626352;-34.7732586
BFD99;"Tipo: FIJA
Ubicacion: ARMESTI Y VESPUCIO";FIJA;ARMESTI Y VESPUCIO;SAN JOSE;-58.357856;-34.746371
SJO58;"Tipo: FIJA
Ubicacion: MADRESELVA 2550 P54";FIJA;MADRESELVA 2550 P54;SAN JOSE;-58.366053;-34.757889
SJO36b;"Tipo: FIJA
Ubicacion: YATAY Y MADRESELVA SEC8";FIJA;YATAY Y MADRESELVA SEC8;SAN JOSE;-58.350269;-34.74921
SJO01b;"Tipo: FIJA
Ubicacion: EVA PERON Y SALTA";FIJA;EVA PERON Y SALTA;SAN JOSE;-58.36147;-34.761433
SJO06b;"Tipo: FIJA
Ubicacion: EVA PERON Y BAIGORRIA";FIJA;EVA PERON Y BAIGORRIA;SAN JOSE;-58.367534;-34.76443
BFD49;"Tipo: FIJA
Ubicacion: BARCELO Y EZEIZA";FIJA;BARCELO Y EZEIZA;SAN JOSE;-58.366796;-34.74559
BFD99b;"Tipo: FIJA
Ubicacion: ARMESTI Y VESPUCIO";FIJA;ARMESTI Y VESPUCIO;SAN JOSE;-58.357921;-34.746364
SJO13;"Tipo: FIJA
Ubicacion: EVA PERON Y PORTUGAL";FIJA;EVA PERON Y PORTUGAL;SAN JOSE;-58.356357;-34.758853
SJO20;"Tipo: FIJA
Ubicacion: EVA PERON Y CHAJA";FIJA;EVA PERON Y CHAJA;SAN JOSE;-58.346486;-34.754034
SJO31;"Tipo: FIJA
Ubicacion: EVA PERON Y CAAGUAZU";FIJA;EVA PERON Y CAAGUAZU;SAN JOSE;-58.342858;-34.752066
SJO34;"Tipo: FIJA
Ubicacion: EL TALA Y CAAGUAZU";FIJA;EL TALA Y CAAGUAZU;SAN JOSE;-58.344355;-34.748376
SJO22;"Tipo: FIJA
Ubicacion: EVA PERON Y ALIPPI";FIJA;EVA PERON Y ALIPPI;SAN JOSE;-58.340229;-34.750655
SJO43b;"Tipo: FIJA
Ubicacion: ARMESTI Y CAGUAZU";FIJA;ARMESTI Y CAGUAZU;SAN JOSE;-58.34725;-34.740869
SJO43c;"Tipo: FIJA
Ubicacion: ARMESTI Y CAGUAZU";FIJA;ARMESTI Y CAGUAZU;SAN JOSE;-58.347126;-34.740817
TEM78b;"Tipo: FIJA
Ubicacion: REVOLUCION DE TEMPERLEY Y ANCHORENA";FIJA;REVOLUCION DE TEMPERLEY Y ANCHORENA;SAN JOSE;-58.36907;-34.759648
TEM79b;"Tipo: FIJA
Ubicacion: AV. REP. ARGENTINA Y 30 DE SEPTIEMBRE";FIJA;AV. REP. ARGENTINA Y 30 DE SEPTIEMBRE;SAN JOSE;-58.3626326;-34.7731619
SJO57;"Tipo: FIJA
Ubicacion: BAPRO CAAGUAZU Y CASUARINAS";FIJA;BAPRO CAAGUAZU Y CASUARINAS;SAN JOSE;-58.345607;-34.74531
SJO61;;;Avenida Eva Perón & Mahatma Gandhi;SAN JOSE;-58.3703984;-34.7656983
SJO59;;;El Tala & Monroe;SAN JOSE;-58.3529456;-34.7520414
SJO62;;;CAGUAZU ;SAN JOSE;-58.34464;-34.7476355
TEM16C;Coronel Pringles & Avenida Meeks;;;TEMPERLEY;-58.3981746;-34.7687659
TEM 82B;Pichincha & Coronel Suárez;;;TEMPERLEY;-58.3994429;-34.7784414
TEM53B;J. M. Fernández & España;;;TEMPERLEY;-58.4002647;-34.7711275
TEM76B;Lavalle & Carlos Guido Spano;;;TEMPERLEY;-58.4018143;-34.7733648
TEM84;Pichincha & Carlos Guido Spano;;;TEMPERLEY;-58.4040704;-34.781563
TEM75B;TEM75B;;;TEMPERLEY;-58.4030027;-34.7726139
TEM83B;Mariño & Coronel Suárez;;;TEMPERLEY;-58.3983281;-34.7798078
TEM54B;TEM54B;;;TEMPERLEY;-58.401805;-34.7719695
TEM80/80A;TEM80A;FIJA;PICHINCHA Y BRANSEND;TEMPERLEY;-58.4006434;-34.779084
TEM83;Mariño & Coronel Suárez;;;TEMPERLEY;-58.398363;-34.7797703
TEM81A;Dorrego & Calle Avellaneda;;;TEMPERLEY;-58.4040753;-34.7773839
TEM83A;Mariño & Coronel Suárez;;;TEMPERLEY;-58.3983818;-34.7798133
TEM81B;Dorrego & Calle Avellaneda;;;TEMPERLEY;-58.4039814;-34.7773966
LMC48;"Tipo: DOMO
Ubicacion: H. YRIGOYEN Y BRANDSEN";DOMO;H. YRIGOYEN Y BRANDSEN;TEMPERLEY;-58.404981;-34.773556
LMC70;"Tipo: DOMO
Ubicacion: GARIBALDI Y FRIAS";DOMO;GARIBALDI Y FRIAS;TEMPERLEY;-58.423191;-34.780966
LMC72;"Tipo: DOMO
Ubicacion: ESPAÑA Y GARIBALDI";DOMO;ESPAÑA Y GARIBALDI;TEMPERLEY;-58.40008;-34.768656
SJO05;"Tipo: DOMO
Ubicacion: EVA PERON Y GRAL GUEMES";DOMO;EVA PERON Y GRAL GUEMES;TEMPERLEY;-58.378204;-34.769925
SJO11;"Tipo: DOMO
Ubicacion: PASCO Y ANATOLE FANCE";DOMO;PASCO Y ANATOLE FANCE;TEMPERLEY;-58.371284;-34.766241
SJO24;"Tipo: DOMO
Ubicacion: LAUTARO Y GOLONDRINA";DOMO;LAUTARO Y GOLONDRINA;TEMPERLEY;-58.37461;-34.773221
SJO25;"Tipo: DOMO
Ubicacion: LAUTARO Y 30 DE SEPTIEMBRE";DOMO;LAUTARO Y 30 DE SEPTIEMBRE;TEMPERLEY;-58.371048;-34.777681
SJO26;"Tipo: DOMO
Ubicacion: 30 DE SEPTIEMBRE Y CABRED";DOMO;30 DE SEPTIEMBRE Y CABRED;TEMPERLEY;-58.376391;-34.780236
SJO27;"Tipo: DOMO
Ubicacion: ALLEMANDRI     Y ZEBALLOS";DOMO;ALLEMANDRI     Y ZEBALLOS;TEMPERLEY;-58.378504;-34.765818
TEM01;"Tipo: DOMO
Ubicacion: EVA PERON Y ALTE BROWN";DOMO;EVA PERON Y ALTE BROWN;TEMPERLEY;-58.391492;-34.777041
TEM02;"Tipo: DOMO
Ubicacion: 9 DE JULIO T BRANDSEN";DOMO;9 DE JULIO T BRANDSEN;TEMPERLEY;-58.399104;-34.781135
TEM03;"Tipo: DOMO
Ubicacion: EVA PERON T P. OBLIGADO";DOMO;EVA PERON T P. OBLIGADO;TEMPERLEY;-58.393611;-34.778377
TEM05;"Tipo: DOMO
Ubicacion: 25 DE MAYO 300";DOMO;25 DE MAYO 300;TEMPERLEY;-58.401218;-34.778421
TEM07;"Tipo: DOMO
Ubicacion: FERNANDEZ Y SOLER";DOMO;FERNANDEZ Y SOLER;TEMPERLEY;-58.409251;-34.776632
TEM10;"Tipo: DOMO
Ubicacion: GARIBALDI Y HUERGO ( ESCUELA 6)";DOMO;GARIBALDI Y HUERGO ( ESCUELA 6);TEMPERLEY;-58.41493;-34.77664
TEM15;"Tipo: DOMO
Ubicacion: MEEKS Y GARIBALDI";DOMO;MEEKS Y GARIBALDI;TEMPERLEY;-58.398267;-34.767607
TEM16;"Tipo: DOMO
Ubicacion: MEEKS Y PRINGLES";DOMO;MEEKS Y PRINGLES;TEMPERLEY;-58.398144;-34.768775
TEM17;"Tipo: DOMO
Ubicacion: MEEKS Y AVELLANEDA   ( AUD SUR)";DOMO;MEEKS Y AVELLANEDA   ( AUD SUR);TEMPERLEY;-58.39755;-34.774425
TEM19;"Tipo: DOMO
Ubicacion: MEEKS Y MORENO";DOMO;MEEKS Y MORENO;TEMPERLEY;-58.397119;-34.778214
TEM20;"Tipo: DOMO
Ubicacion: 9 DE JULIO Y VIAS";DOMO;9 DE JULIO Y VIAS;TEMPERLEY;-58.3964;-34.779778
TEM21;"Tipo: DOMO
Ubicacion: V. F. LOPEZ Y 9 DE JULIO";DOMO;V. F. LOPEZ Y 9 DE JULIO;TEMPERLEY;-58.401502;-34.782611
TEM28;"Tipo: DOMO
Ubicacion: STA M. DE ORO Y 14 DE JULIO";DOMO;STA M. DE ORO Y 14 DE JULIO;TEMPERLEY;-58.395736;-34.774624
TEM31;"Tipo: DOMO
Ubicacion: EVA PERON Y B. DE YRIGOYEN";DOMO;EVA PERON Y B. DE YRIGOYEN;TEMPERLEY;-58.382764;-34.772464
TEM36;"Tipo: DOMO
Ubicacion: 14 DE JULIO Y LUCIO LOPEZ";DOMO;14 DE JULIO Y LUCIO LOPEZ;TEMPERLEY;-58.387098;-34.771036
TEM37;"Tipo: DOMO
Ubicacion: SAN PEDRO Y MORENO";DOMO;SAN PEDRO Y MORENO;TEMPERLEY;-58.4056669;-34.7835612
TEM38;"Tipo: DOMO
Ubicacion: ALBARRACIN E INDALECIO GOMEZ";DOMO;ALBARRACIN E INDALECIO GOMEZ;TEMPERLEY;-58.384716;-34.781135
TEM39;"Tipo: DOMO
Ubicacion: ALZAGA Y MARTI";DOMO;ALZAGA Y MARTI;TEMPERLEY;-58.385864;-34.777557
TEM44;"Tipo: DOMO
Ubicacion: SAN ISIDRO Y AVELLANEDA";DOMO;SAN ISIDRO Y AVELLANEDA;TEMPERLEY;-58.415873;-34.783664
TEM45;"Tipo: DOMO
Ubicacion: LAVALLE Y SAN PEDRO";DOMO;LAVALLE Y SAN PEDRO;TEMPERLEY;-58.410466;-34.777927
TEM46;"Tipo: DOMO
Ubicacion: LAVALLE Y VAGO";DOMO;LAVALLE Y VAGO;TEMPERLEY;-58.415058;-34.78036
TEM47;"Tipo: DOMO
Ubicacion: ALT. BROWN Y JUNCAL";DOMO;ALT. BROWN Y JUNCAL;TEMPERLEY;-58.396325;-34.77026
TEM50;"Tipo: DOMO
Ubicacion: JUNCAL Y CARLOS CACERES";DOMO;JUNCAL Y CARLOS CACERES;TEMPERLEY;-58.385232;-34.76439
TEM51;"Tipo: DOMO
Ubicacion: SUAREZ Y LAVALLE";DOMO;SUAREZ Y LAVALLE;TEMPERLEY;-58.402977;-34.773909
TEM52;"Tipo: DOMO
Ubicacion: GUIDO Y PRINGLES";DOMO;GUIDO Y PRINGLES;TEMPERLEY;-58.4016993;-34.7707647
TEM53;"Tipo: DOMO
Ubicacion: ESPANA Y FERNANDEZ";DOMO;ESPANA Y FERNANDEZ;TEMPERLEY;-58.400102;-34.771212
TEM54;"Tipo: DOMO
Ubicacion: TOMAS GUIDO Y FERNANDEZ";DOMO;TOMAS GUIDO Y FERNANDEZ;TEMPERLEY;-58.401675;-34.771998
TEM56;"Tipo: DOMO
Ubicacion: LINIERS Y TOMAS GUIDO";DOMO;LINIERS Y TOMAS GUIDO;TEMPERLEY;-58.399383;-34.776398
TEM57;"Tipo: DOMO
Ubicacion: TOMAS ESPORA Y GRAL MARIA PAZ";DOMO;TOMAS ESPORA Y GRAL MARIA PAZ;TEMPERLEY;-58.400327;-34.773962
TEM58;"Tipo: DOMO
Ubicacion: DORREGO Y MORENO";DOMO;DORREGO Y MORENO;TEMPERLEY;-58.401432;-34.780589
TEM59;"Tipo: DOMO
Ubicacion: GUIDO SPANO Y LINIERS";DOMO;GUIDO SPANO Y LINIERS;TEMPERLEY;-58.405552;-34.779707
TEM60;"Tipo: DOMO
Ubicacion: AVELLANEDA Y SUAREZ";DOMO;AVELLANEDA Y SUAREZ;TEMPERLEY;-58.401346;-34.776094
SJO17;"Tipo: FIJA
Ubicacion: EVA PERON Y LITUANIA";FIJA;EVA PERON Y LITUANIA;TEMPERLEY;-58.375157;-34.768171
TEM11;"Tipo: FIJA
Ubicacion: YRIGOYEN Y 9 DE JULIO";FIJA;YRIGOYEN Y 9 DE JULIO;TEMPERLEY;-58.407483;-34.785779
TEM14;"Tipo: DOMO
Ubicacion: YRIGOYEN Y PICHINCHA";DOMO;YRIGOYEN Y PICHINCHA;TEMPERLEY;-58.4072377;-34.7836643
TEM22;"Tipo: FIJA
Ubicacion: YRIGOYEN Y LAVALLE";FIJA;YRIGOYEN Y LAVALLE;TEMPERLEY;-58.405354;-34.775358
TEM24;"Tipo: FIJA
Ubicacion: ALT. BROWN Y 14 DE JULIO";FIJA;ALT. BROWN Y 14 DE JULIO;TEMPERLEY;-58.393339;-34.77443
TEM26;"Tipo: FIJA
Ubicacion: EVA PERON Y SOLIS";FIJA;EVA PERON Y SOLIS;TEMPERLEY;-58.388916;-34.7756
TEM29;"Tipo: FIJA
Ubicacion: EVA PERON Y ZUVIRIA";FIJA;EVA PERON Y ZUVIRIA;TEMPERLEY;-58.384244;-34.77323
.;"Tipo: FIJA
Ubicacion: EVA PERON Y ALT. BROWN";FIJA;EVA PERON Y ALT. BROWN;TEMPERLEY;-58.391337;-34.776954
TEM34;"Tipo: FIJA
Ubicacion: SANTA MARIA DE ORO Y CANGALLO";FIJA;SANTA MARIA DE ORO Y CANGALLO;TEMPERLEY;-58.395467;-34.775918
TEM40;"Tipo: FIJA
Ubicacion: ALT. BROWN Y TRIUNVIRATO";FIJA;ALT. BROWN Y TRIUNVIRATO;TEMPERLEY;-58.389909;-34.781456
TEM42;"Tipo: FIJA
Ubicacion: ALT. BROWN Y PEREZ";FIJA;ALT. BROWN Y PEREZ;TEMPERLEY;-58.389287;-34.785365
TEM55;"Tipo: FIJA
Ubicacion: LAVALLE Y MEEKS";FIJA;LAVALLE Y MEEKS;TEMPERLEY;-58.397956;-34.77123
TEM62;"Tipo: DOMO
Ubicacion: 9 DE JULIO Y DORREGO";DOMO;9 DE JULIO Y DORREGO;TEMPERLEY;-58.400304;-34.781974
SJO44;"Tipo: DOMO
Ubicacion: CABRED E INDALECIO GOMEZ";DOMO;CABRED E INDALECIO GOMEZ;TEMPERLEY;-58.37697;-34.777416
TEM63;"Tipo: DOMO
Ubicacion: ALBARRACIN Y CONDARCO";DOMO;ALBARRACIN Y CONDARCO;TEMPERLEY;-58.388128;-34.776658
TUR35;"Tipo: DOMO
Ubicacion: SAN CARLOS Y LINIERS";DOMO;SAN CARLOS Y LINIERS;TEMPERLEY;-58.409312;-34.781571
TEM64;"Tipo: DOMO
Ubicacion: 25 DE MAYO Y HUERGO";DOMO;25 DE MAYO Y HUERGO;TEMPERLEY;-58.409672;-34.783329
TEM65;"Tipo: DOMO
Ubicacion: 25 DE MAYO Y PEREHUIL";DOMO;25 DE MAYO Y PEREHUIL;TEMPERLEY;-58.396888;-34.775922
TEM66;"Tipo: DOMO
Ubicacion: CONDARCO Y ALCORTA";DOMO;CONDARCO Y ALCORTA;TEMPERLEY;-58.392184;-34.778826
TEM67;"Tipo: DOMO
Ubicacion: YRIGOYEN Y LAVALLLE";DOMO;YRIGOYEN Y LAVALLLE;TEMPERLEY;-58.405348;-34.775398
TEM68;"Tipo: DOMO
Ubicacion: ALT. BROWN Y PEREZ";DOMO;ALT. BROWN Y PEREZ;TEMPERLEY;-58.389351;-34.78529
TEM69;"Tipo: DOMO
Ubicacion: EVA PERON Y SOLIS";DOMO;EVA PERON Y SOLIS;TEMPERLEY;-58.388936;-34.775605
TEM70;"Tipo: DOMO
Ubicacion: ALT. BROWN Y 14 DE JULIO";DOMO;ALT. BROWN Y 14 DE JULIO;TEMPERLEY;-58.393318;-34.774446
TEM71;"Tipo: DOMO
Ubicacion: MORENO Y GARCIA DEL RIO";DOMO;MORENO Y GARCIA DEL RIO;TEMPERLEY;-58.392484;-34.783214
TEM72;"Tipo: DOMO
Ubicacion: INDALECIO GOMEZ Y LELOIR";DOMO;INDALECIO GOMEZ Y LELOIR;TEMPERLEY;-58.394244;-34.786669
TEM73;"Tipo: DOMO
Ubicacion: LELOIR Y 30 DE SEPTIEMBRE";DOMO;LELOIR Y 30 DE SEPTIEMBRE;TEMPERLEY;-58.391991;-34.788783
SJO50;"Tipo: DOMO
Ubicacion: TARIJA Y FLORES";DOMO;TARIJA Y FLORES;TEMPERLEY;-58.373623;-34.776482
SJO51;"Tipo: DOMO
Ubicacion: ASUNCION Y JURAMENTO";DOMO;ASUNCION Y JURAMENTO;TEMPERLEY;-58.367336;-34.774543
TEM74;"Tipo: DOMO
Ubicacion: FERNANDEZ Y TOMAS GUIDO";DOMO;FERNANDEZ Y TOMAS GUIDO;TEMPERLEY;-58.401857;-34.772021
TEM75;"Tipo: DOMO
Ubicacion: FERNANDEZ Y SUAREZ";DOMO;FERNANDEZ Y SUAREZ;TEMPERLEY;-58.4029806;-34.7726334
TEM76;"Tipo: DOMO
Ubicacion: LAVALLE Y TOMAS GUIDO";DOMO;LAVALLE Y TOMAS GUIDO;TEMPERLEY;-58.4017894;-34.7732648
TEM18;"Tipo: DOMO
Ubicacion: MEEKS Y AVELLANEDA (  EST. TEMPERLEY)";DOMO;MEEKS Y AVELLANEDA (  EST. TEMPERLEY);TEMPERLEY;-58.397472;-34.774792
TUR38;"Tipo: FIJA
Ubicacion: SANTA INES Y GUIDO SPANO";FIJA;SANTA INES Y GUIDO SPANO;TEMPERLEY;-58.401521;-34.785558
TUR39;"Tipo: FIJA
Ubicacion: SOLER Y SAN ANTONIO";FIJA;SOLER Y SAN ANTONIO;TEMPERLEY;-58.403383;-34.784404
TEM61;"Tipo: FIJA
Ubicacion: MEEKS Y LAVALLE";FIJA;MEEKS Y LAVALLE;TEMPERLEY;-58.397854;-34.771118
LMC158;"Tipo: FIJA
Ubicacion: YRIGOYEN Y J. M. FERNANDEZ";FIJA;YRIGOYEN Y J. M. FERNANDEZ;TEMPERLEY;-58.405333;-34.773857
TEM21a;"Tipo: FIJA
Ubicacion: VICENTE LOPEZ Y 9 DE JULIO";FIJA;VICENTE LOPEZ Y 9 DE JULIO;TEMPERLEY;-58.401587;-34.782549
TEM21b;"Tipo: FIJA
Ubicacion: VICENTE LOPEZ Y 9 DE JULIO";FIJA;VICENTE LOPEZ Y 9 DE JULIO;TEMPERLEY;-58.40154;-34.782519
TEM13;"Tipo: FIJA
Ubicacion: YRIGOYEN Y PICHINCHA";FIJA;YRIGOYEN Y PICHINCHA;TEMPERLEY;-58.4072284;-34.7836145
TEM16b;"Tipo: FIJA
Ubicacion: MEEKS Y PRINGLES";FIJA;MEEKS Y PRINGLES;TEMPERLEY;-58.398139;-34.7688
TEM17b;"Tipo: FIJA
Ubicacion: MEEKS Y AVELLANEDA ( AUD SUR)";FIJA;MEEKS Y AVELLANEDA ( AUD SUR);TEMPERLEY;-58.397535;-34.774458
TEM28b;"Tipo: FIJA
Ubicacion: STA M. DE ORO Y 14 DE JULIO";FIJA;STA M. DE ORO Y 14 DE JULIO;TEMPERLEY;-58.395812;-34.77468
SJO18;"Tipo: FIJA
Ubicacion: EVA PERON Y LITUANIA";FIJA;EVA PERON Y LITUANIA;TEMPERLEY;-58.375125;-34.768153
TEM12;"Tipo: FIJA
Ubicacion: YRIGOYEN Y 9 DE JULIO";FIJA;YRIGOYEN Y 9 DE JULIO;TEMPERLEY;-58.40746;-34.785746
TEM23;"Tipo: FIJA
Ubicacion: YRIGOYEN Y LAVALLE";FIJA;YRIGOYEN Y LAVALLE;TEMPERLEY;-58.405304;-34.775357
TEM25;"Tipo: FIJA
Ubicacion: ALT. BROWN Y 14 DE JULIO";FIJA;ALT. BROWN Y 14 DE JULIO;TEMPERLEY;-58.393342;-34.774456
TEM27;"Tipo: FIJA
Ubicacion: EVA PERON Y SOLIS";FIJA;EVA PERON Y SOLIS;TEMPERLEY;-58.388958;-34.77561
TEM30;"Tipo: FIJA
Ubicacion: EVA PERON Y ZUVIRIA";FIJA;EVA PERON Y ZUVIRIA;TEMPERLEY;-58.384298;-34.773251
TEM33;"Tipo: FIJA
Ubicacion: EVA PERON Y ALT. BROWN";FIJA;EVA PERON Y ALT. BROWN;TEMPERLEY;-58.391354;-34.776959
TEM35;"Tipo: FIJA
Ubicacion: SANTA MARIA DE ORO Y CANGALLO";FIJA;SANTA MARIA DE ORO Y CANGALLO;TEMPERLEY;-58.395558;-34.775927
TEM41;"Tipo: FIJA
Ubicacion: ALT. BROWN Y TRIUNVIRATO";FIJA;ALT. BROWN Y TRIUNVIRATO;TEMPERLEY;-58.389949;-34.781455
TEM43;"Tipo: FIJA
Ubicacion: ALT. BROWN Y PEREZ";FIJA;ALT. BROWN Y PEREZ;TEMPERLEY;-58.389302;-34.785372
TEM62b;"Tipo: FIJA
Ubicacion: 9 DE JULIO Y DORREGO";FIJA;9 DE JULIO Y DORREGO;TEMPERLEY;-58.400412;-34.782032
TEM80;TEM80;FIJA;PICHINCHA Y BRANSEND;TEMPERLEY;-58.4006729;-34.7790389
SJO60;ZORZAL Y SENILLOZA;FIJA;ZORZAL Y SENILLOZA;TEMPERLEY;-58.3696586;-34.7693385
Coronel Pringles & General José Tomás Guido;TEM52B;FIJA;;TEMPERLEY;-58.4017556;-34.7707738
Pichincha & Carlos Guido Spano;;;;TEMPERLEY;-58.4040194;-34.7816467
Lavalle & San Francisco;TEM 87;;LAVALLE Y SAN FRANCISCO;TEMPERLEY;-58.4186085;-34.7822287
Lavalle & San Francisco;TEM87A;FIJA;LAVALLE Y SAN FRANCISCO;TEMPERLEY;-58.4184422;-34.7821802
San Carlos & General José María Paz;TEM86;FIJA;SAN CARLOS Y GRAL PAZ;TEMPERLEY;-58.4108654;-34.7795946
San Carlos & General José María Paz;TEM86A;FIJA;SAN CARLOS Y GRAL PAZ;TEMPERLEY;-58.4108386;-34.7796651
San Pedro & Calle Avellaneda;TEM 85;;SAN PEDRO Y AVELLANEDA;TEMPERLEY;-58.4089674;-34.7799276
TEM06;YRIGOYEN Y 25 DE MAYO;;;TEMPERLEY;-58.4067247;-34.7813415
Pichincha & Coronel Suárez;TEM 82;;;TEMPERLEY;-58.3994966;-34.7784948
Pichincha & Coronel Suárez;TEM 82A;;;TEMPERLEY;-58.3995033;-34.7784303
Calle Avellaneda & San Pedro;TEM 85;;;TEMPERLEY;-58.4089835;-34.7798846
Calle Avellaneda & Miguel Estanislao Soler;TEM 89;;;TEMPERLEY;-58.4075378;-34.7790749
Calle Avellaneda & Miguel Estanislao Soler;TEM 89A;;;TEMPERLEY;-58.407739;-34.7791872
Dorrego & Calle Avellaneda;TEM81;;;TEMPERLEY;-58.4040478;-34.7774341
TEM90;;;30 de Septiembre & Vicente Longhi;TEMPERLEY;-58.3904093;-34.7879201
TEM90A;;;30 DE SEPT Y LONGHI;TEMPERLEY;-58.3904978;-34.787962
TEM91;;;Anchorena & Carlos Casares;TEMPERLEY;-58.383363;-34.7676732
tem18a;;;plaza espora;TEMPERLEY;-58.3975426;-34.774933
LMC89;"Tipo: DOMO
Ubicacion: JUAN XXII Y RUTA 4";DOMO;JUAN XXII Y RUTA 4;LLAVALLOL;-58.45763;-34.778368
LVL 1,00;"Tipo: DOMO
Ubicacion: N. DE LA PEÑA Y RECREO";DOMO;Llavallol;LLAVALLOL;-58.426409;-34.792836
LVL 18,00;"Tipo: DOMO
Ubicacion: GENERAL PAZ Y FRIAS";DOMO;GENERAL PAZ Y FRIAS;LLAVALLOL;-58.420992;-34.784853
LVL 2,00;"Tipo: DOMO
Ubicacion: DOYHENARD Y ANTARTIDA ARGENTINA";DOMO;DOYHENARD Y ANTARTIDA ARGENTINA;LLAVALLOL;-58.425786;-34.798475
LVL 3,00;"Tipo: DOMO
Ubicacion: PLAZA DOYENARD";DOMO;PLAZA DOYENARD;LLAVALLOL;-58.4237002;-34.8012637
LVL 4,00;"Tipo: DOMO
Ubicacion: ROTONDA LAVALLOL";DOMO;ROTONDA LAVALLOL;LLAVALLOL;-58.439259;-34.805247
LVL 5,00;"Tipo: DOMO
Ubicacion: LIBRES DEL SUR Y BLVR  . SANTA CATALINA";DOMO;LIBRES DEL SUR Y BLVR  . SANTA CATALINA;LLAVALLOL;-58.435429;-34.7952837
LVL 6,00;"Tipo: DOMO
Ubicacion: MELBER  Y DOYHENARD";DOMO;MELBER  Y DOYHENARD;LLAVALLOL;-58.421409;-34.806457
LVL 7,00;"Tipo: DOMO
Ubicacion: MELBER Y WILDE";DOMO;MELBER Y WILDE;LLAVALLOL;-58.431009;-34.8113895
LVL 12,00;"Tipo: DOMO
Ubicacion: DOYHENARD Y SANTOS VEGAS";DOMO;DOYHENARD Y SANTOS VEGAS;LLAVALLOL;-58.422686;-34.80373
LVL 13,00;"Tipo: DOMO
Ubicacion: POLONIA Y 1 MARZO";DOMO;POLONIA Y 1 MARZO;LLAVALLOL;-58.4266257;-34.8070163
LVL 14,00;"Tipo: DOMO
Ubicacion: ANTARTIDA ARGENTINA Y DUHALDE";DOMO;ANTARTIDA ARGENTINA Y DUHALDE;LLAVALLOL;-58.435802;-34.8034002
LVL 15,00;"Tipo: DOMO
Ubicacion: INCA Y BAHIA  BLANCA";DOMO;INCA Y BAHIA  BLANCA;LLAVALLOL;-58.4348006;-34.8090646
LVL 16,00;"Tipo: DOMO
Ubicacion: ANTARTIDA ARGENTINA Y SANTA CATALINA";DOMO;ANTARTIDA ARGENTINA Y SANTA CATALINA;LLAVALLOL;-58.4311172;-34.8011576
LVL 17,00;"Tipo: DOMO
Ubicacion: DOYEHENARD Y SASTRE";DOMO;DOYEHENARD Y SASTRE;LLAVALLOL;-58.41917;-34.8091304
LVL 19,00;"Tipo: DOMO
Ubicacion: LUZURIAGA Y OLLEROS";DOMO;LUZURIAGA Y OLLEROS;LLAVALLOL;-58.432202;-34.792308
LVL 20,00;"Tipo: DOMO
Ubicacion: LUZURIAGA  Y A. DEL  VALLE";DOMO;LUZURIAGA  Y A. DEL  VALLE;LLAVALLOL;-58.429241;-34.796347
LVL 21,00;"Tipo: DOMO
Ubicacion: SANTA CATALINA Y GARIBALDI";DOMO;SANTA CATALINA Y GARIBALDI;LLAVALLOL;-58.4402385;-34.7886974
LVL 22,00;"Tipo: DOMO
Ubicacion: HUSARES Y LA HUELLA";DOMO;HUSARES Y LA HUELLA;LLAVALLOL;-58.426087;-34.784924
LVL 23,00;"Tipo: DOMO
Ubicacion: J.B. JUSTO Y SEGUI";DOMO;J.B. JUSTO Y SEGUI;LLAVALLOL;-58.4086067;-34.8062145
LVL 24,00;"Tipo: DOMO
Ubicacion: CAMINO DE CINTURA Y LIBRES DEL SUR";DOMO;CAMINO DE CINTURA Y LIBRES DEL SUR;LLAVALLOL;-58.443414;-34.799206
LVL 8,00;"Tipo: FIJA
Ubicacion: ANT. ARGENTINA Y EL CABO";FIJA;ANT. ARGENTINA Y EL CABO;LLAVALLOL;-58.419521;-34.795162
LVL 10,00;"Tipo: FIJA
Ubicacion: ANT ARGENTINA Y RONDEAW";FIJA;ANT ARGENTINA Y RONDEAW;LLAVALLOL;-58.423225;-34.7970232
TUR09;"Tipo: DOMO
Ubicacion: FRIAS Y MERCEDES";DOMO;FRIAS Y MERCEDES;LLAVALLOL;-58.408522;-34.801096
LVL 25,00;"Tipo: DOMO
Ubicacion: ARAUAYA Y 24 DE N OVIEMBRE";DOMO;ARAUAYA Y 24 DE N OVIEMBRE;LLAVALLOL;-58.419006;-34.790757
TUR26;"Tipo: DOMO
Ubicacion: FRIAS Y ESQUIU";DOMO;FRIAS Y ESQUIU;LLAVALLOL;-58.4124589;-34.7958765
TUR31;"Tipo: DOMO
Ubicacion: FRIAS Y LINIERS";DOMO;FRIAS Y LINIERS;LLAVALLOL;-58.4194055;-34.7869753
LVL 26,00;"Tipo: DOMO
Ubicacion: A. DEL VALLE Y FLORIDA ( EST. LAVALLOL)";DOMO;A. DEL VALLE Y FLORIDA ( EST. LAVALLOL);LLAVALLOL;-58.4307;-34.796563
LVL 27,00;"Tipo: DOMO
Ubicacion: ANT. ARGENTINA Y EL CABO";DOMO;ANT. ARGENTINA Y EL CABO;LLAVALLOL;-58.419553;-34.795198
LVL 28,00;"Tipo: DOMO
Ubicacion: A. DEL VALLE Y FLORIDA";DOMO;A. DEL VALLE Y FLORIDA;LLAVALLOL;-58.42598;-34.796466
LVL 29,00;"Tipo: DOMO
Ubicacion: FAIR Y RUTA 4";DOMO;FAIR Y RUTA 4;LLAVALLOL;-58.4507845;-34.7897769
LVL 32,00;"Tipo: DOMO
Ubicacion: DOYHENARD Y SEGUI";DOMO;DOYHENARD Y SEGUI;LLAVALLOL;-58.4178691;-34.810808
LVL 30,00;"Tipo: DOMO
Ubicacion: CNO. DE CINTURA Y LUJAN";DOMO;CNO. DE CINTURA Y LUJAN;LLAVALLOL;-58.4340051;-34.8119715
LVL 33,00;"Tipo: DOMO

Ubicacion: KURTH Y RUTA 4";DOMO;KURTH Y RUTA 4;LLAVALLOL;-58.436344;-34.809011
LVL 34,00;"Tipo: DOMO
Ubicacion: PARQUE LAVALLOL";DOMO;PARQUE LAVALLOL;LLAVALLOL;-58.437009;-34.794986
LVL 31,00;"Tipo: DOMO
Ubicacion: BAHIA BLANCA Y SASTRE";DOMO;BAHIA BLANCA Y SASTRE;LLAVALLOL;-58.4305818;-34.8148534
LVL 35,00;"Tipo: DOMO
Ubicacion: GARIBALDI Y LUZURIAGA";DOMO;GARIBALDI Y LUZURIAGA;LLAVALLOL;-58.4366545;-34.7867481
LMC147;"Tipo: DOMO
Ubicacion: Entrada Reserva GARIBALDI Y VIAS";DOMO;Entrada Reserva GARIBALDI Y VIAS;LLAVALLOL;-58.431312;-34.784258
LVL 36,00;"Tipo: FIJA
Ubicacion: WILDE Y ASCASUBI";FIJA;WILDE Y ASCASUBI;LLAVALLOL;-58.434304;-34.806855
LVL 38,00;"Tipo: FIJA
Ubicacion: MELBER Y JOSE HERNANDEZ";FIJA;MELBER Y JOSE HERNANDEZ;LLAVALLOL;-58.4280014;-34.8096542
LVL 37,00;"Tipo: FIJA
Ubicacion: PIEDRABUENA Y 9 DE FEBRERO";FIJA;PIEDRABUENA Y 9 DE FEBRERO;LLAVALLOL;-58.433365;-34.795555
LMC139;"Tipo: FIJA
Ubicacion: JUAN XXIII Y RUTA 4";FIJA;JUAN XXIII Y RUTA 4;LLAVALLOL;-58.45753;-34.778468
LMC67;"Tipo: FIJA
Ubicacion: MADRID Y GARIBALDI";FIJA;MADRID Y GARIBALDI;LLAVALLOL;-58.42753;-34.782944
LVL 39,00;"Tipo: FIJA
Ubicacion: BAHIA BLANCA Y GIBSON";FIJA;BAHIA BLANCA Y GIBSON;LLAVALLOL;-58.43733;-34.805817
LVL 40,00;"Tipo: FIJA
Ubicacion: RUTA 4 y MAGALLANES";FIJA;RUTA 4 y MAGALLANES;LLAVALLOL;-58.4377262;-34.8070948
LVL41a;"Tipo: FIJA
Ubicacion: MERCEDES 450";FIJA;MERCEDES 450;LLAVALLOL;-58.430102;-34.8116621
LVL 41,00;"Tipo: FIJA
Ubicacion: MERCEDES 450";FIJA;MERCEDES 450;LLAVALLOL;-58.4299683;-34.8116138
LVL24b;"Tipo: FIJA
Ubicacion: CAMINO DE CINTURA Y LIBRES DEL SUR";FIJA;CAMINO DE CINTURA Y LIBRES DEL SUR;LLAVALLOL;-58.443515;-34.799184
LVL24c;"Tipo: FIJA
Ubicacion: CAMINO DE CINTURA Y LIBRES DEL SUR";FIJA;CAMINO DE CINTURA Y LIBRES DEL SUR;LLAVALLOL;-58.443472;-34.799237
LVL 9,00;"Tipo: FIJA
Ubicacion: ANT. ARGENTINA Y EL CABO";FIJA;ANT. ARGENTINA Y EL CABO;LLAVALLOL;-58.419508;-34.795151
LVL 11,00;"Tipo: FIJA
Ubicacion: ANT ARGENTINA Y RONDEAW";FIJA;ANT ARGENTINA Y RONDEAW;LLAVALLOL;-58.42316;-34.7970144
LLV36b;"Tipo: FIJA
Ubicacion: WILDE Y ASCASUBI";FIJA;WILDE Y ASCASUBI;LLAVALLOL;-58.43437;-34.806854
LVL38b;"Tipo: FIJA
Ubicacion: MELBER Y JOSE HERNANDEZ";FIJA;MELBER Y JOSE HERNANDEZ;LLAVALLOL;-58.4280453;-34.8096766
LVL37b;"Tipo: FIJA
Ubicacion: PIEDRABUENA Y 9 DE FEBRERO";FIJA;PIEDRABUENA Y 9 DE FEBRERO;LLAVALLOL;-58.433421;-34.795577
LVL 42,00;"Tipo: FIJA
Ubicacion: ALAZAN Y SANTOS VEGA";FIJA;ALAZAN Y SANTOS VEGA;LLAVALLOL;-58.42456;-34.804439
LVL42a;"Tipo: FIJA
Ubicacion: ALAZAN Y SANTOS VEGA";FIJA;ALAZAN Y SANTOS VEGA;LLAVALLOL;-58.424442;-34.804452
LVL42b;"Tipo: FIJA
Ubicacion: ALAZAN Y SANTOS VEGA";FIJA;ALAZAN Y SANTOS VEGA;LLAVALLOL;-58.424511;-34.804474
TUR09b;"Tipo: FIJA
Ubicacion: FRIAS Y MERCEDES";FIJA;FRIAS Y MERCEDES;LLAVALLOL;-58.4085508;-34.8010575
LVL 43,00;;;24 de Noviembre & La Huella;LLAVALLOL;-58.4210592;-34.7916464
LVL43A;;;24 de Noviembre & La Huella;LLAVALLOL;-58.4211075;-34.7916222
LVL 44,00;;;Araguaya & A. Alonso;LLAVALLOL;-58.4232109;-34.7850759
LVL 45,00;;;Araguaya & 25 de Mayo;LLAVALLOL;-58.420298;-34.7890143
LVL 46,00;;;La Huella & Liniers;LLAVALLOL;-58.4231095;-34.7888852
LVL 46,00;;;LA HUELLA Y LINIERS;LLAVALLOL;-58.4231417;-34.7888323
LVL 47,00;;;Húsares & Nestor de la Peña;LLAVALLOL;-58.4306045;-34.7873118
LVL 54,00;;;1 de Marzo & General Frías;LLAVALLOL;-58.4104494;-34.7985793
LVL54A;;;1 DE MARZO Y  FRIAS;LLAVALLOL;-58.410503;-34.7985066
BFD02;"Tipo: DOMO
Ubicacion: ALSINA Y MAIPU";DOMO;ALSINA Y MAIPU;BANFIELD;-58.393182;-34.743235
BFD05;"Tipo: DOMO
Ubicacion: MAIPU Y PUEYRREDON";DOMO;MAIPU Y PUEYRREDON;BANFIELD;-58.390102;-34.743623
BFD06;"Tipo: DOMO
Ubicacion: MAIPU Y VERGARA";DOMO;MAIPU Y VERGARA;BANFIELD;-58.394587;-34.743067
BFD07;"Tipo: DOMO
Ubicacion: RINCON Y VERGARA";DOMO;RINCON Y VERGARA;BANFIELD;-58.3942165;-34.7408282
BFD12;"Tipo: DOMO
Ubicacion: ALSINA Y MALABIA";DOMO;ALSINA Y MALABIA;BANFIELD;-58.39169;-34.736305
CEN14;"Tipo: DOMO
Ubicacion: LARROQUE Y GUTIERREZ";DOMO;LARROQUE Y GUTIERREZ;BANFIELD;-58.4228176;-34.7417139
LMC45;"Tipo: DOMO
Ubicacion: ARAOZ Y AZARA";DOMO;ARAOZ Y AZARA;BANFIELD;-58.400445;-34.736005
LMC46;"Tipo: DOMO
Ubicacion: ALVEAR Y VIEYTES";DOMO;ALVEAR Y VIEYTES;BANFIELD;-58.40394;-34.739153
LMC76;"Tipo: DOMO
Ubicacion: FRENCHE Y ALVEAR";DOMO;FRENCHE Y ALVEAR;BANFIELD;-58.404608;-34.741895
LMC77;"Tipo: DOMO
Ubicacion: M. CASRO Y MONTEAGUDO";DOMO;M. CASRO Y MONTEAGUDO;BANFIELD;-58.401625;-34.748454
BFD13;"Tipo: DOMO
Ubicacion: MALABIA Y VERGARA";DOMO;MALABIA Y VERGARA;BANFIELD;-58.393182;-34.736058
BFD14;"Tipo: DOMO
Ubicacion: URIARTE BAJO NIVEL";DOMO;URIARTE BAJO NIVEL;BANFIELD;-58.395681;-34.735635
BFD15;"Tipo: DOMO
Ubicacion: COCHABAMBA 200";DOMO;COCHABAMBA 200;BANFIELD;-58.392795;-34.744513
BFD16;"Tipo: DOMO
Ubicacion: ALSINA Y COCHABAMBA";DOMO;ALSINA Y COCHABAMBA;BANFIELD;-58.393439;-34.744442
BFD17;"Tipo: DOMO
Ubicacion: ALSINA Y CHACABUCO";DOMO;ALSINA Y CHACABUCO;BANFIELD;-58.393589;-34.745641
BFD18;"Tipo: DOMO
Ubicacion: ESTACION BANFIELD";DOMO;ESTACION BANFIELD;BANFIELD;-58.394727;-34.743896
BFD25;"Tipo: DOMO
Ubicacion: ALVEAR Y LARROQUE";DOMO;ALVEAR Y LARROQUE;BANFIELD;-58.405139;-34.743993
BFD26;"Tipo: DOMO
Ubicacion: M. CASTRO Y LARROQUE";DOMO;M. CASTRO Y LARROQUE;BANFIELD;-58.400735;-34.744632
BFD33;"Tipo: DOMO
Ubicacion: SANTE FE Y VIEYTES";DOMO;SANTE FE Y VIEYTES;BANFIELD;-58.417826;-34.737204
BFD34;"Tipo: DOMO
Ubicacion: RODRIGUEZ PEÑA Y BALIÑA";DOMO;RODRIGUEZ PEÑA Y BALIÑA;BANFIELD;-58.411643;-34.739633
BFD35;"Tipo: DOMO
Ubicacion: ALEM DARRAGUEIRA";DOMO;ALEM DARRAGUEIRA;BANFIELD;-58.395381;-34.739391
BFD36;"Tipo: DOMO
Ubicacion: SERRANO Y ALSINA";DOMO;SERRANO Y ALSINA;BANFIELD;-58.392549;-34.739814
BFD39;"Tipo: DOMO
Ubicacion: MALABIA Y PUEYRREDON";DOMO;MALABIA Y PUEYRREDON;BANFIELD;-58.388622;-34.736763
BFD40;"Tipo: DOMO
Ubicacion: CASTRO BARROS Y BELGRANO";DOMO;CASTRO BARROS Y BELGRANO;BANFIELD;-58.390553;-34.737698
BFD41;"Tipo: DOMO
Ubicacion: ARENALES Y MAIPU";DOMO;ARENALES Y MAIPU;BANFIELD;-58.38727;-34.744063
BFD42;"Tipo: DOMO
Ubicacion: MAIPU Y GRANADEROS";DOMO;MAIPU Y GRANADEROS;BANFIELD;-58.378902;-34.745139
BFD43;"Tipo: DOMO
Ubicacion: ROLDAN Y GALLO";DOMO;ROLDAN Y GALLO;BANFIELD;-58.372668;-34.744231
BFD44;"Tipo: DOMO
Ubicacion: GRANADEROS Y CAMPOS";DOMO;GRANADEROS Y CAMPOS;BANFIELD;-58.383611;-34.747801
BFD45;"Tipo: DOMO
Ubicacion: MEDRANO Y ALSINA";DOMO;MEDRANO Y ALSINA;BANFIELD;-58.394094;-34.748207
BFD50;"Tipo: DOMO
Ubicacion: BRITO Y GALLO";DOMO;BRITO Y GALLO;BANFIELD;-58.380725;-34.748454
TEM49;"Tipo: DOMO
Ubicacion: LUGANO Y LEVALLE";DOMO;LUGANO Y LEVALLE;BANFIELD;-58.386714;-34.749824
BFD21;"Tipo: FIJA
Ubicacion: YRIGOYEN Y MONTEAGUDO";FIJA;YRIGOYEN Y MONTEAGUDO;BANFIELD;-58.3999755;-34.7486475
BFD27;"Tipo: FIJA
Ubicacion: YRIGOYEN Y LARROQUE";FIJA;YRIGOYEN Y LARROQUE;BANFIELD;-58.399448;-34.744802
BFD30;"Tipo: FIJA
Ubicacion: YRIGOYEN Y GODOY CRUZ";FIJA;YRIGOYEN Y GODOY CRUZ;BANFIELD;-58.398042;-34.737733
BFD48;"Tipo: FIJA
Ubicacion: BARCELO Y EZEIZA";FIJA;BARCELO Y EZEIZA;BANFIELD;-58.366821;-34.745597
BFD51;"Tipo: FIJA
Ubicacion: GIACHINO Y S. MASSAD";FIJA;GIACHINO Y S. MASSAD;BANFIELD;-58.3960768;-34.7429648
CEN12;"Tipo: FIJA
Ubicacion: LARROQUE Y STA. FE";FIJA;LARROQUE Y STA. FE;BANFIELD;-58.4183986;-34.7421138
BFD47;"Tipo: DOMO
Ubicacion: ROMA Y LYNCH";DOMO;ROMA Y LYNCH;BANFIELD;-58.366477;-34.745615
BFD53;"Tipo: DOMO
Ubicacion: CAPDEVILLA Y ACONCAGUA";DOMO;CAPDEVILLA Y ACONCAGUA;BANFIELD;-58.379417;-34.739488
BFD29;"Tipo: DOMO
Ubicacion: LARROQUE Y ALEM";DOMO;LARROQUE Y ALEM;BANFIELD;-58.3965781;-34.745198
BFD57;"Tipo: DOMO
Ubicacion: ARENALES Y GASCON";DOMO;ARENALES Y GASCON;BANFIELD;-58.388;-34.747801
BFD59;"Tipo: DOMO
Ubicacion: CAPELLO Y SAN MARTIN";DOMO;CAPELLO Y SAN MARTIN;BANFIELD;-58.404264;-34.746779
BFD61;"Tipo: DOMO
Ubicacion: YRIGOYEN Y LARROQUE";DOMO;YRIGOYEN Y LARROQUE;BANFIELD;-58.39949;-34.744945
BFD62;"Tipo: DOMO
Ubicacion: YRIGOYEN T GODOY CRUZ";DOMO;YRIGOYEN T GODOY CRUZ;BANFIELD;-58.398085;-34.737548
BFD63;"Tipo: Domo
Ubicacion: ALEN Y FRENCH";Domo;ALEN Y FRENCH;BANFIELD;-58.3960687;-34.7429053
BFD64;"Tipo: DOMO
Ubicacion: LARROQUE Y 12 OCTUBRE";DOMO;LARROQUE Y 12 OCTUBRE;BANFIELD;-58.425036;-34.741541
CEN45;"Tipo: DOMO
Ubicacion: STA. FE Y LARROQUE";DOMO;STA. FE Y LARROQUE;BANFIELD;-58.4185361;-34.7420897
BFD65;"Tipo: DOMO
Ubicacion: Ezeiza y Buenos Aires";DOMO;Ezeiza y Buenos Aires;BANFIELD;-58.369449;-34.746245
BFD67;"Tipo: DOMO
Ubicacion: URIARTE Y ALVEAR";DOMO;URIARTE Y ALVEAR;BANFIELD;-58.403192;-34.7344
BFD66;"Tipo: DOMO
Ubicacion: URIARTE Y TUCUMAN";DOMO;URIARTE Y TUCUMAN;BANFIELD;-58.408899;-34.733431
BFD68;"Tipo: DOMO
Ubicacion: URIARTE Y C. GLADE";DOMO;URIARTE Y C. GLADE;BANFIELD;-58.413448;-34.732602
CEN48;"Tipo: DOMO
Ubicacion: CARLOS GLADE Y ZAMORA";DOMO;CARLOS GLADE Y ZAMORA;BANFIELD;-58.416581;-34.734083
BFD69;"Tipo: DOMO
Ubicacion: CAMPOS Y MALABIA";DOMO;CAMPOS Y MALABIA;BANFIELD;-58.380758;-34.738694
BFD70;"Tipo: DOMO
Ubicacion: ARENALES Y MALABIA";DOMO;ARENALES Y MALABIA;BANFIELD;-58.386358;-34.737143
BFD73;"Tipo: DOMO
Ubicacion: RINCON Y ARENALES";DOMO;RINCON Y ARENALES;BANFIELD;-58.3869694;-34.741767
BFD71;"Tipo: DOMO
Ubicacion: RINCON  Y CAPDEVILLA";DOMO;RINCON  Y CAPDEVILLA;BANFIELD;-58.38138;-34.743437
BFD72;"Tipo: DOMO

Ubicacion: PALACIOS  Y CABRERA";DOMO;PALACIOS  Y CABRERA;BANFIELD;-58.383139;-34.740466
BFD75;"Tipo: DOMO
Ubicacion: ALEM Y CAPELLO";DOMO;ALEM Y CAPELLO;BANFIELD;-58.397022;-34.74774
BFD76;"Tipo: DOMO

Ubicacion: YRIGOYEN Y CAPELLO";DOMO;YRIGOYEN Y CAPELLO;BANFIELD;-58.3996969;-34.7473582
BFD77;"Tipo: DOMO

Ubicacion: ALEM Y VIEYTES";DOMO;ALEM Y VIEYTES;BANFIELD;-58.395606;-34.740493
BFD78;"Tipo: DOMO
Ubicacion: RODRIGUEZ PEÑA Y J.M. PENNA";DOMO;RODRIGUEZ PEÑA Y J.M. PENNA;BANFIELD;-58.407226;-34.740255
BFD79;"Tipo: DOMO
Ubicacion: CERROS COLORADOS Y MENTRUYT";DOMO;CERROS COLORADOS Y MENTRUYT;BANFIELD;-58.412193;-34.737292
BFD80;"Tipo: DOMO
Ubicacion: TUCUMAN Y VIEYTES";DOMO;TUCUMAN Y VIEYTES;BANFIELD;-58.409962;-34.738342
BFD81;"Tipo: DOMO

Ubicacion: LARROQUE Y TUCUMAN";DOMO;LARROQUE Y TUCUMAN;BANFIELD;-58.410777;-34.743244
BFD82;"Tipo: DOMO
Ubicacion: CAPELLO  Y PENNA";DOMO;CAPELLO  Y PENNA;BANFIELD;-58.408481;-34.746232
BFD83;"Tipo: DOMO
Ubicacion: CAPELLO Y BALIÑA";DOMO;CAPELLO Y BALIÑA;BANFIELD;-58.413008;-34.745544
BFD84;"Tipo: DOMO
Ubicacion: QUINTANA Y PINTOS";DOMO;QUINTANA Y PINTOS;BANFIELD;-58.377013;-34.749511
BFD90;"Tipo: DOMO

Ubicacion: CAPELLO Y BELELLI";DOMO;CAPELLO Y BELELLI;BANFIELD;-58.420229;-34.744663
BFD91;"Tipo: FIJA
Ubicacion: LARROQUE Y ALEM";FIJA;LARROQUE Y ALEM;BANFIELD;-58.396527;-34.745201
BFD92;"Tipo: DOMO
Ubicacion: CARLOS CROCE Y ANTONIO BERUTTI";DOMO;CARLOS CROCE Y ANTONIO BERUTTI;BANFIELD;-58.4063154;-34.7426804
BFD93;"Tipo: DOMO
Ubicacion: MANUEL BALIÑA Y ANTONIO BERUTTI";DOMO;MANUEL BALIÑA Y ANTONIO BERUTTI;BANFIELD;-58.412172;-34.741771
BFD94;"Tipo: DOMO
Ubicacion: ALMAFUERTE Y DOMINGO FRENCH";DOMO;ALMAFUERTE Y DOMINGO FRENCH;BANFIELD;-58.408919;-34.741257
BFD95;"Tipo: DOMO
Ubicacion: LARROQUE Y JOSE M. PENNA";DOMO;LARROQUE Y JOSE M. PENNA;BANFIELD;-58.408001;-34.743638
BFD96;"Tipo: FIJA
Ubicacion: FRENCH Y ACEVEDO";FIJA;FRENCH Y ACEVEDO;BANFIELD;-58.397336;-34.742772
BFD97;"Tipo: FIJA
Ubicacion: PLAZA MARTEL";FIJA;PLAZA MARTEL;BANFIELD;-58.382016;-34.743427
BFD97b;"Tipo: FIJA
Ubicacion: PLAZA MARTEL TOTEM";FIJA;PLAZA MARTEL TOTEM;BANFIELD;-58.382099;-34.74339
BFD100;"Tipo: FIJA
Ubicacion: BELGRANO Y GASCO";FIJA;BELGRANO Y GASCO;BANFIELD;-58.392456;-34.747195
BFD98;"Tipo: FIJA
Ubicacion: ROLDAN Y EZEIZA";FIJA;ROLDAN Y EZEIZA;BANFIELD;-58.371037;-34.747666
BFD104;"Tipo: DOMO
Ubicacion: MAIPU Y BELGRANO";DOMO;MAIPU Y BELGRANO;BANFIELD;-58.39139;-34.743433
LMC46a;"Tipo: FIJA
Ubicacion: ALVEAR Y VIEYTES P15";FIJA;ALVEAR Y VIEYTES P15;BANFIELD;-58.403994;-34.739134
BFD109a;"Tipo: FIJA
Ubicacion: QUINTANA 266 - PRI24";FIJA;QUINTANA 266 - PRI24;BANFIELD;-58.379987;-34.743781
BFD109;"Tipo: FIJA
Ubicacion: QUINTANA 266 - PRI24";FIJA;QUINTANA 266 - PRI24;BANFIELD;-58.380046;-34.743803
BFD111;"Tipo: FIJA
Ubicacion: MIGUEL CANE 950";FIJA;MIGUEL CANE 950;BANFIELD;-58.38226;-34.751089
BFD111a;"Tipo: FIJA
Ubicacion: MIGUEL CANE 950";FIJA;MIGUEL CANE 950;BANFIELD;-58.382329;-34.751116
BFD01;"Tipo: DOMO
Ubicacion: VIEYTES E YRIGOYEN";DOMO;VIEYTES E YRIGOYEN;BANFIELD;-58.398326;-34.740132
BFD114a;"Tipo: FIJA
Ubicacion: BALILA Y MONTEAGUDO";FIJA;BALILA Y MONTEAGUDO;BANFIELD;-58.413196;-34.746849
BFD114;"Tipo: FIJA
Ubicacion: BALIÑA Y MONTEAGUDO";FIJA;BALIÑA Y MONTEAGUDO;BANFIELD;-58.413343;-34.746752
BFD22;"Tipo: FIJA
Ubicacion: YRIGOYEN Y MONTEAGUDO";FIJA;YRIGOYEN Y MONTEAGUDO;BANFIELD;-58.3999713;-34.7487125
BFD31;"Tipo: FIJA
Ubicacion: YRIGOYEN Y GODOY CRUZ";FIJA;YRIGOYEN Y GODOY CRUZ;BANFIELD;-58.39808;-34.737773
BFD49;"Tipo: FIJA
Ubicacion: BARCELO Y EZEIZA";FIJA;BARCELO Y EZEIZA;BANFIELD;-58.366796;-34.74559
BFD52;"Tipo: FIJA
Ubicacion: ALEM Y FRENCH";FIJA;ALEM Y FRENCH;BANFIELD;-58.3961155;-34.7428979
CEN13;"Tipo: FIJA
Ubicacion: STA. FE Y LARROQUE";FIJA;STA. FE Y LARROQUE;BANFIELD;-58.4185314;-34.7420993
BFD28;"Tipo: FIJA
Ubicacion: YRIGOYEN Y LARROQUE";FIJA;YRIGOYEN Y LARROQUE;BANFIELD;-58.399488;-34.744804
BFD96b;"Tipo: FIJA
Ubicacion: FRENCH Y ACEVEDO";FIJA;FRENCH Y ACEVEDO;BANFIELD;-58.397394;-34.742771
BFD98b;"Tipo: FIJA
Ubicacion: ROLDAN Y EZEIZA";FIJA;ROLDAN Y EZEIZA;BANFIELD;-58.371054;-34.747672
BFD76b;"Tipo: FIJA
Ubicacion: YRIGOYEN Y CAPELLO";FIJA;YRIGOYEN Y CAPELLO;BANFIELD;-58.399689;-34.7472725
BFD105;"Tipo: DOMO
Ubicacion: HDI BANFIELD";DOMO;HDI BANFIELD;BANFIELD;-58.384483;-34.745546
BFD108;"Tipo: DOMO
Ubicacion: MAIPU Y VIAMONTE";DOMO;MAIPU Y VIAMONTE;BANFIELD;-58.388813;-34.743784
BFD112;"Tipo: FIJA
Ubicacion: SERRANO Y BELGRANO";FIJA;SERRANO Y BELGRANO;BANFIELD;-58.391208;-34.739907
BFD112a;"Tipo: FIJA
Ubicacion: SERRANO Y BELGRANO";FIJA;SERRANO Y BELGRANO;BANFIELD;-58.391191;-34.739955
BFD110;"Tipo: FIJA
Ubicacion: ARAOZ 1450 G907";FIJA;ARAOZ 1450 G907;BANFIELD;-58.414771;-34.733816
BFD110a;"Tipo: FIJA
Ubicacion: ARAOZ 1450 G907";FIJA;ARAOZ 1450 G907;BANFIELD;-58.414846;-34.73379
BFD102;"Tipo: 
Ubicacion: SEDE BANFIELD";FIJA;SEDE BANFIELD;BANFIELD;-58.3941209;-34.7409856
BFD103;"Tipo: FIJA
Ubicacion: RINCON Y VERGARA";FIJA;RINCON Y VERGARA;BANFIELD;-58.3940407;-34.7406679
BFD117A;LARROQUE Y MENTRUYT;FIJA;LARROQUE Y MENTRUYT;BANFIELD;-58.4136298;-34.742733
BFD118;GRIGERA Y PAYRO;FIJA;GRIGERA Y PAYRO;BANFIELD;-58.4155583;-34.7440202
BFD118A;GRIGERA Y PAYRO;FIJA;GRIGERA Y PAYRO;BANFIELD;-58.4155691;-34.7441171
BFD117;LARROQUE Y MENTRUYT;FIJA;LARROQUE Y MENTRUYT;BANFIELD;-58.4135829;-34.7427385
BFD116;SAN MARTIN Y BERUTTI;FIJA;SAN MARTIN Y BERUTTI;BANFIELD;-58.403529;-34.7430531
BFD120;;;CABRERA Y CAPDEVILA;BANFIELD;-58.3803761;-34.7413791
BFD120A;;;Cabrera Y Capdevila;BANFIELD;-58.3803278;-34.7412623
BFD92A;;;CROCE Y BERUTTI;BANFIELD;-58.4064078;-34.7427223
BFD92B;;;-CROCE Y BERUTTI;BANFIELD;-58.4064118;-34.7427421
BFD135A;BFD135A;;VIAMONTE Y CHACABUCO ;BANFIELD;-58.3892395;-34.7461792
BFD135;;;VIAMONTE Y CHACABUCO;BANFIELD;-58.3891906;-34.7461857
BFD123;BFD123;FIJA;URIARTE Y PENNA;BANFIELD;-58.4059984;-34.7339737
BFD131;;;Guardia Nacional & Granaderos;BANFIELD;-58.3751586;-34.7430865
BFD131A;BFD131A;FIJA;Guardia Nacional & Granaderos;BANFIELD;-58.3751344;-34.7430688
BFD136;BFD136;;Medrano & Viamonte;BANFIELD;-58.3897561;-34.7487981
BFD136A;BFD136A;FIJA;Viamonte & Medrano;BANFIELD;-58.3897296;-34.7488127
BFD121;;;Antonio Mentruyt & Tomás Godoy Cruz;BANFIELD;-58.4120922;-34.7354499
BFD125;;;Almafuerte & J. Darragueira;BANFIELD;-58.408207;-34.7374707
BFD128;;;GODOY CRYZ Y SAN MARTIN;BANFIELD;-58.4021753;-34.7370001
BFD124;;;CROCE Y GODOY CRUZ;BANFIELD;-58.405042;-34.7365355
BFD126;;;Belelli & J. Darragueira;BANFIELD;-58.4190165;-34.7357861
BFD127;;;French & Vetere;BANFIELD;-58.4209106;-34.739371
BFD122;;;J. Darragueira & Estrada;BANFIELD;-58.416292;-34.7362343
BFD129;;;General Bosch & Castro Barros;BANFIELD;-58.3854832;-34.7386676
BFD130;;;General Levalle & Serrano;BANFIELD;-58.3850804;-34.741138
BFD134;;;Pedernera & Presidente Derqui;BANFIELD;-58.3743267;-34.7512322
BFD134A;;;Pedernera & Presidente Derqui;BANFIELD;-58.3743521;-34.7512377
BFD137;;;Cochabamba & Belgrano;BANFIELD;-58.3919798;-34.7445766
TUNEZ Y ROMA ;BFD132;;;BANFIELD;-58.3708662;-34.7422277
TUNEZ Y ROMA ;BFD132A;;;BANFIELD;-58.3708816;-34.7422236
BFD72A;;;General Palacios & Cabrera;BANFIELD;-58.3831701;-34.7404537
BFD119;;;Cochabamba & Granaderos;BANFIELD;-58.3807461;-34.7461028
BFD133;;;GENOVA Y BUENOS AIRES;BANFIELD;-58.3704738;-34.7441624
LMC166;Lamadrid & Pueyrredón;;;LOMAS;-58.3931943;-34.7591831
BFD09;"Tipo: DOMO
Ubicacion: GALLO Y ARENALES";DOMO;GALLO Y ARENALES;LOMAS;-58.388435;-34.751355
CEN15;"Tipo: DOMO
Ubicacion: SANTA FE Y LAS HERAS";DOMO;SANTA FE Y LAS HERAS;LOMAS;-58.419027;-34.747043
CEN16;"Tipo: DOMO
Ubicacion: LAS HERAS Y TUCUMAN";DOMO;LAS HERAS Y TUCUMAN;LOMAS;-58.411957;-34.748066
LMC01;"Tipo: DOMO
Ubicacion: PLAZA GRIGERA";DOMO;PLAZA GRIGERA;LOMAS;-58.403385;-34.757427
LMC02;"Tipo: DOMO
Ubicacion: ALEM Y BOEDO";DOMO;ALEM Y BOEDO;LOMAS;-58.3994987;-34.7595278
LMC03;"Tipo: DOMO
Ubicacion: LAPRIDA Y ESPAÑA";DOMO;LAPRIDA Y ESPAÑA;LOMAS;-58.399729;-34.760722
LMC04;"Tipo: DOMO
Ubicacion: C. PELLEGRINI T A. SAENZ";DOMO;C. PELLEGRINI T A. SAENZ;LOMAS;-58.397898;-34.758634
LMC05;"Tipo: DOMO
Ubicacion: ESPAÑA Y COLOMBRES";DOMO;ESPAÑA Y COLOMBRES;LOMAS;-58.400155;-34.764373
LMC06;"Tipo: DOMO
Ubicacion: ITALIA Y COMBRES";DOMO;ITALIA Y COMBRES;LOMAS;-58.401046;-34.7606
LMC07;"Tipo: DOMO
Ubicacion: MEEKS Y LAPRIDA";DOMO;MEEKS Y LAPRIDA;LOMAS;-58.398225;-34.760912
LMC10;"Tipo: DOMO
Ubicacion: LAPRIDA E YRIGOYEN";DOMO;LAPRIDA E YRIGOYEN;LOMAS;-58.402677;-34.760418
LMC11;"Tipo: DOMO
Ubicacion: LIBANO Y LAPRIDA";DOMO;LIBANO Y LAPRIDA;LOMAS;-58.39783;-34.760878
LMC12;"Tipo: DOMO
Ubicacion: BOEDO Y LIBANO";DOMO;BOEDO Y LIBANO;LOMAS;-58.397484;-34.759803
LMC13;"Tipo: DOMO
Ubicacion: ALSINA Y FOUNROUGE";DOMO;ALSINA Y FOUNROUGE;LOMAS;-58.3959985;-34.7600009
LMC15;"Tipo: DOMO
Ubicacion: COLOMBRES Y FRIAS";DOMO;COLOMBRES Y FRIAS;LOMAS;-58.422353;-34.761235
LMC16;"Tipo: DOMO
Ubicacion: ALSINA Y MATHEU";DOMO;ALSINA Y MATHEU;LOMAS;-58.395402;-34.755259
LMC17;"Tipo: DOMO
Ubicacion: P. LUCENA Y ALEM";DOMO;P. LUCENA Y ALEM;LOMAS;-58.398439;-34.75488
LMC18;"Tipo: DOMO
Ubicacion: H. YRIGOYEN Y F. PORTELA";DOMO;H. YRIGOYEN Y F. PORTELA;LOMAS;-58.401667;-34.756809
LMC19;"Tipo: DOMO
Ubicacion: H. YRIGOYEN 8100";DOMO;H. YRIGOYEN 8100;LOMAS;-58.4006567;-34.752108
LMC20;"Tipo: DOMO
Ubicacion: BALCARCE 200";DOMO;BALCARCE 200;LOMAS;-58.393922;-34.761588
LMC21;"Tipo: DOMO
Ubicacion: BALCARCE 50";DOMO;BALCARCE 50;LOMAS;-58.396972;-34.761162
LMC23;"Tipo: DOMO
Ubicacion: PLAZA LAPRIDA";DOMO;PLAZA LAPRIDA;LOMAS;-58.4317402;-34.7518612
LMC24;"Tipo: DOMO
Ubicacion: M. ARROTE AY ARROYO DEL REY";DOMO;M. ARROTE AY ARROYO DEL REY;LOMAS;-58.427751;-34.765347
LMC25;"Tipo: DOMO
Ubicacion: 24 DE MARYO Y OLIDEN";DOMO;24 DE MARYO Y OLIDEN;LOMAS;-58.421474;-34.774226
LMC26;;;LAPRIDA Y 24 DE MAYO;LOMAS;-58.4186305;-34.7581496
LMC27;"Tipo: DOMO
Ubicacion: SANTA FE Y F. PORTELA";DOMO;SANTA FE Y F. PORTELA;LOMAS;-58.420744;-34.75406
LMC28;"Tipo: DOMO
Ubicacion: SANTA FE Y BOEDO";DOMO;SANTA FE Y BOEDO;LOMAS;-58.4213798;-34.7565109
LMC31;"Tipo: DOMO
Ubicacion: ALVEAR Y P. LUCENA";DOMO;ALVEAR Y P. LUCENA;LOMAS;-58.40714;-34.753566
LMC32;"Tipo: DOMO
Ubicacion: ITALIA Y COMBRES";DOMO;ITALIA Y COMBRES;LOMAS;-58.401732;-34.764144
LMC33;"Tipo: DOMO
Ubicacion: ITALIA Y LORIA";DOMO;ITALIA Y LORIA;LOMAS;-58.401429;-34.762969
LMC34;"Tipo: DOMO
Ubicacion: ALVEAR Y LAS HERAS";DOMO;ALVEAR Y LAS HERAS;LOMAS;-58.406239;-34.748877
LMC35;"Tipo: DOMO
Ubicacion: MEEKS Y LORIA";DOMO;MEEKS Y LORIA;LOMAS;-58.398567;-34.76328
LMC37;"Tipo: DOMO
Ubicacion: PIAGGIO Y COLOMBRES";DOMO;PIAGGIO Y COLOMBRES;LOMAS;-58.409157;-34.763121
LMC38;"Tipo: DOMO
Ubicacion: SARMIENTO Y COLOMRES";DOMO;SARMIENTO Y COLOMRES;LOMAS;-58.404608;-34.763756
LMC39;"Tipo: DOMO
Ubicacion: ALVEAR Y SAENZ";DOMO;ALVEAR Y SAENZ;LOMAS;-58.407912;-34.757163
LMC40;"Tipo: DOMO
Ubicacion: ALVEAR Y GORRITI";DOMO;ALVEAR Y GORRITI;LOMAS;-58.408749;-34.76083
LMC42;"Tipo: DOMO
Ubicacion: CERRITO Y ALSINA";DOMO;CERRITO Y ALSINA;LOMAS;-58.396561;-34.766612
LMC44;"Tipo: DOMO
Ubicacion: CERRITO Y PIROVANO";DOMO;CERRITO Y PIROVANO;LOMAS;-58.3851194;-34.7604775
LMC47;"Tipo: DOMO
Ubicacion: COLOMBRES Y SAAVEDRA";DOMO;COLOMBRES Y SAAVEDRA;LOMAS;-58.40611;-34.763474
LMC50;"Tipo: DOMO
Ubicacion: MEEKS Y SIXTO FERNANDEZ";DOMO;MEEKS Y SIXTO FERNANDEZ;LOMAS;-58.398385;-34.766444
LMC51;"Tipo: DOMO
Ubicacion: ITALIA S. FERNANDEZ";DOMO;ITALIA S. FERNANDEZ;LOMAS;-58.402205;-34.766638
LMC69;"Tipo: DOMO
Ubicacion: FRIAS Y MOLINA A RRROTEA";DOMO;FRIAS Y MOLINA A RRROTEA;LOMAS;-58.423405;-34.766083
LMC71;"Tipo: DOMO
Ubicacion: ESPAÑA Y FALCON";DOMO;ESPAÑA Y FALCON;LOMAS;-58.400187;-34.767563
LMC74;"Tipo: DOMO
Ubicacion: FRIAS Y OLIDEN";DOMO;FRIAS Y OLIDEN;LOMAS;-58.424006;-34.775583
LMC75;"Tipo: DOMO
Ubicacion: SANTA EF Y P. LUCENA";DOMO;SANTA EF Y P. LUCENA;LOMAS;-58.419907;-34.751698
LMC78;"Tipo: DOMO
Ubicacion: BERMUDES Y LOS ANDES";DOMO;BERMUDES Y LOS ANDES;LOMAS;-58.418781;-34.775786
LMC79;"Tipo: DOMO
Ubicacion: BUSTAMANTE Y BELTRAN";DOMO;BUSTAMANTE Y BELTRAN;LOMAS;-58.417836;-34.768013
LMC82;"Tipo: DOMO
Ubicacion: OLIDEN Y OLAZABAL";DOMO;OLIDEN Y OLAZABAL;LOMAS;-58.413491;-34.770013
LMC83;"Tipo: DOMO
Ubicacion: OLIDEN Y PIAGGIO";DOMO;OLIDEN Y PIAGGIO;LOMAS;-58.410292;-34.768356
LMC90;"Tipo: DOMO
Ubicacion: GARONA Y POSADAS";DOMO;GARONA Y POSADAS;LOMAS;-58.415219;-34.7635
LMC93;"Tipo: DOMO
Ubicacion: ALVEAR Y LARREA";DOMO;ALVEAR Y LARREA;LOMAS;-58.406474;-34.750111
LMC95;"Tipo: DOMO
Ubicacion: ESPANA Y GORRITI";DOMO;ESPANA Y GORRITI;LOMAS;-58.399989;-34.761971
BFD23;"Tipo: DOMO
Ubicacion: SARANDI Y VIAMONTE";DOMO;SARANDI Y VIAMONTE;LOMAS;-58.3923737;-34.7629404
BFD32;"Tipo: DOMO
Ubicacion: FONROUGE Y ARENALES";DOMO;FONROUGE Y ARENALES;LOMAS;-58.390585;-34.760733
CEN01;"Tipo: DOMO
Ubicacion: LAS HERAS Y 12 DE OCTUBRE";DOMO;LAS HERAS Y 12 DE OCTUBRE;LOMAS;-58.424306;-34.746356
LMC80;"Tipo: DOMO
Ubicacion: COLOMBRES Y BELTRAN";DOMO;COLOMBRES Y BELTRAN;LOMAS;-58.416603;-34.762028
BFD19;"Tipo: FIJA
Ubicacion: LARROQUE Y 12 DE OCTUBRE";FIJA;LARROQUE Y 12 DE OCTUBRE;LOMAS;-58.425411;-34.741586
BFD24;"Tipo: FIJA
Ubicacion: AYACUCHO Y ALT. BROWN";FIJA;AYACUCHO Y ALT. BROWN;LOMAS;-58.396716;-34.763628
CEN10;"Tipo: FIJA
Ubicacion: LAS HERAS Y PJE GUTIERREZ";FIJA;LAS HERAS Y PJE GUTIERREZ;LOMAS;-58.422761;-34.746602
LMC29;"Tipo: FIJA
Ubicacion: YRIGOYEN Y FERNANDEZ";FIJA;YRIGOYEN Y FERNANDEZ;LOMAS;-58.4040245;-34.7668528
LMC36;"Tipo: FIJA
Ubicacion: PJE GONZALEZ Y LORIA";FIJA;PJE GONZALEZ Y LORIA;LOMAS;-58.403986;-34.763738
LMC55;"Tipo: FIJA
Ubicacion: PERON Y OLIVOS";FIJA;PERON Y OLIVOS;LOMAS;-58.431205;-34.748595
LMC96;"Tipo: DOMO
Ubicacion: YRIGOYEN Y MITRE";DOMO;YRIGOYEN Y MITRE;LOMAS;-58.4033786;-34.7646819
BFD08;"Tipo: DOMO
Ubicacion: ALSINA Y GALLO";DOMO;ALSINA Y GALLO;LOMAS;-58.394651;-34.750393
LMC97;"Tipo: DOMO
Ubicacion: ARROTEA  1300";DOMO;ARROTEA  1300;LOMAS;-58.417171;-34.766867
LMC98;"Tipo: DOMO
Ubicacion: AZARA Y SAENZ";DOMO;AZARA Y SAENZ;LOMAS;-58.404834;-34.757548
LMC99;"Tipo: DOMO
Ubicacion: STA. FE Y SANEZ";DOMO;STA. FE Y SANEZ;LOMAS;-58.421066;-34.755259
LMC100;"Tipo: DOMO
Ubicacion: BELELLI Y SAENZ";DOMO;BELELLI Y SAENZ;LOMAS;-58.421989;-34.755118
LMC101;"Tipo: DOMO
Ubicacion: LAPRIDA Y BELELLI";DOMO;LAPRIDA Y BELELLI;LOMAS;-58.422482;-34.757551
BFD58;"Tipo: DOMO
Ubicacion: ARENALES Y MELO";DOMO;ARENALES Y MELO;LOMAS;-58.388623;-34.752636
LMC103;"Tipo: DOMO
Ubicacion: SARMIENTO Y BUSTAMANTE";DOMO;SARMIENTO Y BUSTAMANTE;LOMAS;-58.406679;-34.769608
LMC102;"Tipo: DOMO
Ubicacion: SAAVEDRA Y OLIDEN";DOMO;SAAVEDRA Y OLIDEN;LOMAS;-58.406742;-34.766374
BFD60;"Tipo: DOMO
Ubicacion: LUGANO Y M. CANE";DOMO;LUGANO Y M. CANE;LOMAS;-58.38587;-34.753108
LMC104;"Tipo: DOMO
Ubicacion: R. FALCON E ITALI";DOMO;R. FALCON E ITALI;LOMAS;-58.402848;-34.767652
LMC106;"Tipo: DOMO
Ubicacion: BOEDO Y ESTRADA";DOMO;BOEDO Y ESTRADA;LOMAS;-58.419843;-34.756669
LMC108;"Tipo: DOMO
Ubicacion: BALBOA E ISLA SOLEDAD";DOMO;BALBOA E ISLA SOLEDAD;LOMAS;-58.424896;-34.774676
LMC109;"Tipo: DOMO
Ubicacion: GARONA Y C. RODRIGUEZ";DOMO;GARONA Y C. RODRIGUEZ;LOMAS;-58.4260882;-34.7619382
LMC110;"Tipo: DOMO
Ubicacion: FRIAS Y PAVON";DOMO;FRIAS Y PAVON;LOMAS;-58.423587;-34.77067
LMC111;"Tipo: DOMO
Ubicacion: BALCARCE Y CHICLANA";DOMO;BALCARCE Y CHICLANA;LOMAS;-58.38948;-34.762205
LMC112;"Tipo: DOMO
Ubicacion: M. CASTRO Y CASTELLI";DOMO;M. CASTRO Y CASTELLI;LOMAS;-58.4026441;-34.7531147
LMC113;"Tipo: DOMO
Ubicacion: PORTELA Y M. CASTRO";DOMO;PORTELA Y M. CASTRO;LOMAS;-58.4032587;-34.7566623
LMC114;"Tipo: DOMO
Ubicacion: H. YRIGOYEN YFERNANDEZ";DOMO;H. YRIGOYEN YFERNANDEZ;LOMAS;-58.4040185;-34.7668216
LMC115;"Tipo: DOMO
Ubicacion: AYACUCHO Y ALTE BROWN";DOMO;AYACUCHO Y ALTE BROWN;LOMAS;-58.396727;-34.763659
LMC118;"Tipo: DOMO
Ubicacion: Peron y Olivos";DOMO;Peron y Olivos;LOMAS;-58.431234;-34.748608
BFD74;"Tipo: DOMO

Ubicacion: NICORA Y PINTOS";DOMO;NICORA Y PINTOS;LOMAS;-58.386809;-34.754633
LMC122;"Tipo: DOMO

Ubicacion: ALSINA Y LAMADRID";DOMO;ALSINA Y LAMADRID;LOMAS;-58.395917;-34.758749
LMC121;"Tipo: DOMO
Ubicacion: POZOS Y AYACUYO";DOMO;POZOS Y AYACUYO;LOMAS;-58.395381;-34.763694
LMC120;"Tipo: DOMO
Ubicacion: LAPRIDA Y SAN M ARTIN";DOMO;LAPRIDA Y SAN M ARTIN;LOMAS;-58.406775;-34.759904
LMC119;"Tipo: DOMO

Ubicacion: BOLIVAR Y LORIA";DOMO;BOLIVAR Y LORIA;LOMAS;-58.407526;-34.762143
BFD85;"Tipo: DOMO

Ubicacion: PALACIOS Y GALLO";DOMO;PALACIOS Y GALLO;LOMAS;-58.384169;-34.750128
LMC123;"Tipo: DOMO
Ubicacion: RIVERA Y ACEVEDO";DOMO;RIVERA Y ACEVEDO;LOMAS;-58.4001683;-34.7558059
LMC124;"Tipo: DOMO
Ubicacion: H. YRIGOYEN Y P. LUCENA";DOMO;H. YRIGOYEN Y P. LUCENA;LOMAS;-58.4013523;-34.7544959
LMC125;"Tipo: DOMO
Ubicacion: ACEVEDO Y LAS HERAS";DOMO;ACEVEDO Y LAS HERAS;LOMAS;-58.398943;-34.749873
LMC127;"Tipo: DOMO
Ubicacion: CASTELLI Y SANTA FE";DOMO;CASTELLI Y SANTA FE;LOMAS;-58.419703;-34.750534
LMC129;"Tipo: DOMO
Ubicacion: BOEDO Y M. CASTRO";DOMO;BOEDO Y M. CASTRO;LOMAS;-58.403878;-34.758987
LMC128;"Tipo: FIJA
Ubicacion: BOEDO Y MANUEL CASTRO";FIJA;BOEDO Y MANUEL CASTRO;LOMAS;-58.403803;-34.759014
LMC130;"Tipo: FIJA
Ubicacion: LAPRIDA Y SAN MARTIN";FIJA;LAPRIDA Y SAN MARTIN;LOMAS;-58.406657;-34.759878
LMC132;"Tipo: DOMO
Ubicacion: PENNA Y P. LUCENA";DOMO;PENNA Y P. LUCENA;LOMAS;-58.409972;-34.753231
LMC133;"Tipo: DOMO
Ubicacion: RIVERA Y PAYRO";DOMO;RIVERA Y PAYRO;LOMAS;-58.417332;-34.753302
LMC135;"Tipo: DOMO

Ubicacion: GARONA Y DIAZ VELEZ";DOMO;GARONA Y DIAZ VELEZ;LOMAS;-58.410906;-34.764091
BFD86;"Tipo: DOMO
Ubicacion: AZARA Y LAS HERAS";DOMO;AZARA Y LAS HERAS;LOMAS;-58.403277;-34.749309
LMC134;"Tipo: DOMO

Ubicacion: SEVILLA Y LOS ANDES";DOMO;SEVILLA Y LOS ANDES;LOMAS;-58.423448;-34.778192
LMC136;"Tipo: DOMO
Ubicacion: YRIGOYEN Y SAENZ";DOMO;YRIGOYEN Y SAENZ;LOMAS;-58.401915;-34.757921
LMC137;"Tipo: DOMO

Ubicacion: 24 DE MAYO Y M. ARROTEA";DOMO;24 DE MAYO Y M. ARROTEA;LOMAS;-58.420519;-34.766314
LMC138;"Tipo: DOMO
Ubicacion: SAAVEDRA Y LAPRIDA";DOMO;SAAVEDRA Y LAPRIDA;LOMAS;-58.405423;-34.760089
LMC140;"Tipo: FIJA
Ubicacion: LAPRIDA E ITALIA";FIJA;LAPRIDA E ITALIA;LOMAS;-58.40102;-34.760602
LMC141;"Tipo: FIJA
Ubicacion: LAPRIDA Y ESPANA";FIJA;LAPRIDA Y ESPANA;LOMAS;-58.399782;-34.760715
LMC146;"Tipo: DOMO
Ubicacion: ACEVEDO Y LARREA";DOMO;ACEVEDO Y LARREA;LOMAS;-58.399097;-34.751184
LMC152;"Tipo: FIJA
Ubicacion: COLOMBRES Y CATALINA RODRIGUEZ";FIJA;COLOMBRES Y CATALINA RODRIGUEZ;LOMAS;-58.425847;-34.760672
LMC153;"Tipo: FIJA
Ubicacion: MOLINA ARROTEA Y BOLIVAR";FIJA;MOLINA ARROTEA Y BOLIVAR;LOMAS;-58.40875;-34.768118
LMC154;"Tipo: FIJA
Ubicacion: SAAVEDRA Y BUSTAMANTE";FIJA;SAAVEDRA Y BUSTAMANTE;LOMAS;-58.407422;-34.769502
LMC155;"Tipo: FIJA
Ubicacion: EMILIO CASTRO Y CERRITO";FIJA;EMILIO CASTRO Y CERRITO;LOMAS;-58.393868;-34.765156
CEN57;"Tipo: FIJA
Ubicacion: LAS HERAS Y MARGIN ROCA";FIJA;LAS HERAS Y MARGIN ROCA;LOMAS;-58.425922;-34.746073
LMC142;"Tipo: FIJA
Ubicacion: MEEKS Y LORIA";FIJA;MEEKS Y LORIA;LOMAS;-58.398643;-34.763351
LMC145;"Tipo: FIJA
Ubicacion: MOLINA ARROTEA Y ARROYO DEL REY";FIJA;MOLINA ARROTEA Y ARROYO DEL REY;LOMAS;-58.427836;-34.765386
LMC148;"Tipo: DOMO
Ubicacion: R. FALCON Y D. VALDEZ";DOMO;R. FALCON Y D. VALDEZ;LOMAS;-58.411433;-34.766433
LMC157;"Tipo: FIJA
Ubicacion: MOLINA ARROTEA Y DIAZ VELEZ";FIJA;MOLINA ARROTEA Y DIAZ VELEZ;LOMAS;-58.411675;-34.767633
LMC157B;"Tipo: FIJA
Ubicacion: MOLINA ARROTEA Y DIAZ VELEZ";FIJA;MOLINA ARROTEA Y DIAZ VELEZ;LOMAS;-58.411659;-34.767695
BFD107;"Tipo: FIJA
Ubicacion: GALLO Y ARENALES";FIJA;GALLO Y ARENALES;LOMAS;-58.38838;-34.751367
LMC27a;"Tipo: FIJA
Ubicacion: PORTELA Y STA. FE";FIJA;PORTELA Y STA. FE;LOMAS;-58.42081;-34.754135
LMC27b;"Tipo: FIJA
Ubicacion: PORTELA Y STA. FE";FIJA;PORTELA Y STA. FE;LOMAS;-58.420819;-34.754114
BFD86b;"Tipo: DOMO
Ubicacion: AZARA Y LAS HERAS";DOMO;AZARA Y LAS HERAS;LOMAS;-58.402811;-34.749337
LMC07a;"Tipo: FIJA
Ubicacion: LAPRIDA Y MEEKS";FIJA;LAPRIDA Y MEEKS;LOMAS;-58.398227;-34.760921
LMC160;"Tipo: FIJA
Ubicacion: AYACUCHO Y VIAS";FIJA;AYACUCHO Y VIAS;LOMAS;-58.397477;-34.763474
BFD113;"Tipo: FIJA
Ubicacion: LAS HERAS Y MENTRUYT";FIJA;LAS HERAS Y MENTRUYT;LOMAS;-58.414868;-34.74759
BFD115a;"Tipo: FIJA
Ubicacion: BALIÑA Y PASO";FIJA;BALIÑA Y PASO;LOMAS;-58.414005;-34.750161
BFD115;"Tipo: FIJA
Ubicacion: BALIÑA 720";FIJA;BALIÑA 720;LOMAS;-58.413876;-34.749919
LMC163A;"Tipo: FIJA
Ubicacion: PORTELA Y ACEVEDO";FIJA;PORTELA Y ACEVEDO;LOMAS;-58.4004069;-34.7570898
LMC162;"Tipo: FIJA
Ubicacion: LUCENA Y ACEVEDO";FIJA;LUCENA Y ACEVEDO;LOMAS;-58.399946;-34.754586
LMC163;"Tipo: FIJA
Ubicacion: PORTELA Y ACEVEDO";FIJA;PORTELA Y ACEVEDO;LOMAS;-58.4004605;-34.7570321
LMC164;"Tipo: FIJA
Ubicacion: SUCRE Y CHIMENTO";FIJA;SUCRE Y CHIMENTO;LOMAS;-58.422325;-34.768595
LMC10c;"Tipo: FIJA
Ubicacion: LAPRIDA E YRIGOYEN";FIJA;LAPRIDA E YRIGOYEN;LOMAS;-58.402682;-34.760437
LMC10b;"Tipo: FIJA
Ubicacion: LAPRIDA E YRIGOYEN";FIJA;LAPRIDA E YRIGOYEN;LOMAS;-58.402722;-34.760413
LMC19b;"Tipo: FIJA
Ubicacion: YRIGOYEN 8100";FIJA;YRIGOYEN 8100;LOMAS;-58.4006478;-34.7520308
LMC24b;"Tipo: FIJA
Ubicacion: M. ARROTE AY ARROYO DEL REY";FIJA;M. ARROTE AY ARROYO DEL REY;LOMAS;-58.427804;-34.765289
LMC50b;"Tipo: FIJA
Ubicacion: MEEKS Y SIXTO FERNANDEZ";FIJA;MEEKS Y SIXTO FERNANDEZ;LOMAS;-58.398382;-34.766477
LMC83b;"Tipo: FIJA
Ubicacion: OLIDEN Y PIAGGIO";FIJA;OLIDEN Y PIAGGIO;LOMAS;-58.410355;-34.768367
LMC80b;"Tipo: FIJA
Ubicacion: COLOMBRES Y BELTRAN";FIJA;COLOMBRES Y BELTRAN;LOMAS;-58.416651;-34.762037
BFD20;"Tipo: FIJA
Ubicacion: LARROQUE Y 12 DE OCTUBRE";FIJA;LARROQUE Y 12 DE OCTUBRE;LOMAS;-58.425333;-34.741586
CEN11;"Tipo: FIJA
Ubicacion: LAS HERAS Y PJE GUTIERREZ";FIJA;LAS HERAS Y PJE GUTIERREZ;LOMAS;-58.422733;-34.746599
LMC155b;"Tipo: FIJA
Ubicacion: EMILIO CASTRO Y CERRITO";FIJA;EMILIO CASTRO Y CERRITO;LOMAS;-58.3939;-34.765169
LMC30;"Tipo: FIJA
Ubicacion: YRIGOYEN Y FERNANDEZ";FIJA;YRIGOYEN Y FERNANDEZ;LOMAS;-58.4040286;-34.7668801
LMC56;"Tipo: FIJA
Ubicacion: PERON Y OLIVOS";FIJA;PERON Y OLIVOS;LOMAS;-58.431242;-34.748628
LMC97b;"Tipo: FIJA
Ubicacion: ARROTEA 1300";FIJA;ARROTEA 1300;LOMAS;-58.417226;-34.766888
LMC136b;"Tipo: FIJA
Ubicacion: YRIGOYEN Y SAENZ";FIJA;YRIGOYEN Y SAENZ;LOMAS;-58.401877;-34.757938
LMC98b;"Tipo: FIJA
Ubicacion: AZARA Y SAENZ";FIJA;AZARA Y SAENZ;LOMAS;-58.404705;-34.757566
LMC110b;"Tipo: FIJA
Ubicacion: FRIAS Y PAVON";FIJA;FRIAS Y PAVON;LOMAS;-58.423809;-34.770623
BFD113A;"Tipo: FIJA
Ubicacion: LAS HERAS Y MENTRUYT";FIJA;LAS HERAS Y MENTRUYT;LOMAS;-58.414986;-34.74755
LMC152b;"Tipo: FIJA
Ubicacion: COLOMBRES Y CATALINA RODRIGUEZ";FIJA;COLOMBRES Y CATALINA RODRIGUEZ;LOMAS;-58.425902;-34.760688
LMC153b;"Tipo: FIJA
Ubicacion: MOLINA ARROTEA Y BOLIVAR";FIJA;MOLINA ARROTEA Y BOLIVAR;LOMAS;-58.408769;-34.768152
LMC154b;"Tipo: FIJA
Ubicacion: SAAVEDRA Y BUSTAMANTE";FIJA;SAAVEDRA Y BUSTAMANTE;LOMAS;-58.40746;-34.769531
LMC161;"Tipo: DOMO
Ubicacion: PLAZA LIBERTAD";DOMO;PLAZA LIBERTAD;LOMAS;-58.415484;-34.7591911
LMC161a;"Tipo: FIJA
Ubicacion: PLAZA LIBERTAD";FIJA;PLAZA LIBERTAD;LOMAS;-58.4151024;-34.7591296
LMC161b;"Tipo: FIJA
Ubicacion: PLAZA LIBERTAD";FIJA;PLAZA LIBERTAD;LOMAS;-58.4150654;-34.759251
LMC156;"Tipo: FIJA
Ubicacion: BOEDO 2200";FIJA;BOEDO 2200;LOMAS;-58.4259554;-34.7559529
LMC166;LAMADRID Y PUEYRREDON;FIJA;LAMADRID Y PUEYRREDON;LOMAS;-58.3932158;-34.7590713
Antonio Sáenz & Manuel Castro;LMC01B;DOMO;MANUEL CASTRO Y SAENZ;LOMAS;-58.4034525;-34.7575013
Italia 543;LMC 169;FIJA;ITALIA 543;LOMAS;-58.4024698;-34.7668918
Italia 263;LMC172;FIJA;ITALIA 543;LOMAS;-58.4017056;-34.763724
Mariano Boedo 163;LMC170;FIJA;BOEDO 163;LOMAS;-58.3989147;-34.7596019
Mariano Boedo 230;LMC171;FIJA;BOEDO 230;LOMAS;-58.3999096;-34.7595529
Mariano Boedo & Manuel Acevedo;LMC165;;;LOMAS;-58.4008767;-34.7593465
LMC174;;;BALIÑA Y LAPRIDA;LOMAS;-58.4159266;-34.758489
LMC174A;;;BALIÑA Y LAPRIDA;LOMAS;-58.4159655;-34.7585143
LMC168;;;Avenida Hipólito Yrigoyen & Ramon Falcon;LOMAS;-58.4041669;-34.7674355
BFD20A;;;PLAZA JUSTICIA;LOMAS;-58.4254826;-34.7415579
LMC113A;;;PORTELA Y MANUEL CASTRO;LOMAS;-58.4033431;-34.7565599
LMC109B;;;Juan A. Garona & Catalina Rodríguez;LOMAS;-58.4263613;-34.761908
lmc148b;;;Ramon Falcon & Eustaquio Díaz Vélez;LOMAS;-58.4114343;-34.766521
BFD11;"Tipo: DOMO
Ubicacion: P. PERON Y LAS HERAS";DOMO;P. PERON Y LAS HERAS;LOMAS;-58.429896;-34.745624
LMC22;"Tipo: DOMO
Ubicacion: CURVA PELIGROSA";DOMO;CURVA PELIGROSA;LOMAS;-58.435743;-34.752033
LMC41;"Tipo: DOMO
Ubicacion: LOPEZ Y CERRITO";DOMO;LOPEZ Y CERRITO;TEMPERLEY;-58.392484;-34.764496
LMC49;"Tipo: DOMO
Ubicacion: H. YRIGOYEN Y GARIBALDI";DOMO;H. YRIGOYEN Y GARIBALDI;TEMPERLEY;-58.404926;-34.771107
LMC64;"Tipo: DOMO
Ubicacion: URUNDAY Y VIRGILIO";DOMO;URUNDAY Y VIRGILIO;SANTA MARTA;-58.44623;-34.75319
BUD06;"Tipo: DOMO
Ubicacion: HORNERO Y ECOBAR";DOMO;HOMERO Y ESCOBAR;LAMADRID;-58.464045;-34.732426
SJO15;"Tipo: DOMO
Ubicacion: ARMESTI Y FREUD";DOMO;ARMESTI Y FREUD;TEMPERLEY;-58.370222;-34.752808
SJO16;"Tipo: DOMO
Ubicacion: CERRITO Y ANATOLE FRANCE";DOMO;CERRITO Y ANATOLE FRANCE;TEMPERLEY;-58.377473;-34.756559
SJO28;"Tipo: DOMO
Ubicacion: PEDERNERA Y PALACIOS";DOMO;PEDERNERA Y PALACIOS;BANFIELD;-58.380575;-34.754483
LMC53;"Tipo: FIJA
Ubicacion: CERRITO Y VIAS";FIJA;CERRITO Y VIAS;TEMPERLEY;-58.397462;-34.767105
LMC85;"Tipo: FIJA
Ubicacion: PERON Y LAPRIDA";FIJA;PERON Y LAPRIDA;LOMAS;-58.432632;-34.756264
TEM77;"Tipo: FIJA
Ubicacion: CERRITO Y CARUHE";FIJA;CERRITO Y CARUHE;TEMPERLEY;-58.373103;-34.754303
BFD106;"Tipo: FIJA
Ubicacion: GALLO Y ARENALES";FIJA;GALLO Y ARENALES;BANFIELD;-58.388402;-34.751283
LMC49b;"Tipo: FIJA
Ubicacion: H. YRIGOYEN Y GARIBALDI";FIJA;H. YRIGOYEN Y GARIBALDI;TEMPERLEY;-58.404972;-34.771126
LMC70c;"Tipo: FIJA
Ubicacion: GARIBALDI Y FRIAS";FIJA;GARIBALDI Y FRIAS;LOMAS;-58.423282;-34.780832
LMC70b;"Tipo: FIJA
Ubicacion: GARIBALDI Y FRIAS";FIJA;GARIBALDI Y FRIAS;LOMAS;-58.423355;-34.780931
LMC86;"Tipo: FIJA
Ubicacion: PERON Y LAPRIDA";FIJA;PERON Y LAPRIDA;LOMAS;-58.432627;-34.756239
TEM77b;"Tipo: FIJA
Ubicacion: CERRITO Y CARUHE";FIJA;CERRITO Y CARUHE;TEMPERLEY;-58.373157;-34.754371
FIO56;CAMPANA 524;FIJA;CAMPANA 524;FIORITO;-58.4422336;-34.70561839214160
TEM88A;;;GARIBALDI Y GUIDO SPANO;TEMPERLEY;-58.4102527;-34.7739179
TEM88;;;GUIDO SPANO Y GARIBALDI;TEMPERLEY;-58.4101823;-34.7738744