ASIGNACION,Camiones Asignados,Camiones Trabajando,Camiones Sin Salida,Camiones en Taller,Fecha
Banfield,6,5,1,0,01/01/2026
Higiene Urbana,10,6,0,4,01/01/2026
Ingeniero Budge,5,3,0,2,01/01/2026
Llavallol,7,6,1,0,01/01/2026
Lomas,7,5,1,1,01/01/2026
Parque Baron,4,3,0,1,01/01/2026
San jose,8,6,1,1,01/01/2026
Santa Catalina,10,5,0,5,01/01/2026
Santa Marta,3,2,1,0,01/01/2026
Secretaria Serv. Publicos,10,7,1,2,01/01/2026
Subse Servicios Urbanos,9,4,2,3,01/01/2026
Temperley,7,4,2,1,01/01/2026
Turdera,2,1,0,1,01/01/2026
Villa Albertina,7,2,3,2,01/01/2026
Villa Centenario,3,3,0,0,01/01/2026
Villa Fiorito,6,4,0,2,01/01/2026
Villa Lamadrid,3,3,0,0,01/01/2026
Banfield,6,6,0,0,04/01/2026
Higiene Urbana,10,6,0,4,04/01/2026
Ingeniero Budge,5,3,1,1,04/01/2026
Llavallol,7,4,3,0,04/01/2026
Lomas,7,6,1,0,04/01/2026
Parque Baron,4,3,0,1,04/01/2026
San jose,8,6,1,1,04/01/2026
Santa Catalina,10,5,0,5,04/01/2026
Santa Marta,3,3,0,0,04/01/2026
Secretaria Serv. Publicos,10,7,2,1,04/01/2026
Subse Servicios Urbanos,9,5,1,3,04/01/2026
Temperley,7,2,4,1,04/01/2026
Turdera,2,1,0,1,04/01/2026
Villa Albertina,7,2,3,2,04/01/2026
Villa Centenario,3,2,1,0,04/01/2026
Villa Fiorito,6,2,2,2,04/01/2026
Villa Lamadrid,3,2,1,0,04/01/2026
Banfield,6,6,0,0,05/01/2026
Higiene Urbana,10,6,0,4,05/01/2026
Ingeniero Budge,5,3,1,1,05/01/2026
Llavallol,7,4,3,0,05/01/2026
Lomas,7,7,0,0,05/01/2026
Parque Baron,4,3,0,1,05/01/2026
San jose,8,6,1,1,05/01/2026
Santa Catalina,10,5,1,4,05/01/2026
Santa Marta,3,3,0,0,05/01/2026
Secretaria Serv. Publicos,10,7,1,2,05/01/2026
Subse Servicios Urbanos,9,5,1,3,05/01/2026
Temperley,7,4,2,1,05/01/2026
Turdera,2,1,0,1,05/01/2026
Villa Albertina,7,2,3,2,05/01/2026
Villa Centenario,3,3,0,0,05/01/2026
Villa Fiorito,6,2,2,2,05/01/2026
Villa Lamadrid,3,2,1,0,05/01/2026
Banfield,6,6,0,0,06/01/2026
Higiene Urbana,10,6,1,3,06/01/2026
Ingeniero Budge,5,4,0,1,06/01/2026
Llavallol,7,5,2,0,06/01/2026
Lomas,7,7,0,0,06/01/2026
Parque Baron,4,3,0,1,06/01/2026
San jose,8,6,1,1,06/01/2026
Santa Catalina,10,6,3,1,06/01/2026
Santa Marta,3,3,0,0,06/01/2026
Secretaria Serv. Publicos,10,5,3,2,06/01/2026
Subse Servicios Urbanos,9,3,3,3,06/01/2026
Temperley,7,5,1,1,06/01/2026
Turdera,2,1,0,1,06/01/2026
Villa Albertina,7,2,0,5,06/01/2026
Villa Centenario,3,3,0,0,06/01/2026
Villa Fiorito,6,4,0,2,06/01/2026
Villa Lamadrid,3,3,0,0,06/01/2026
Banfield,6,5,1,0,07/01/2026
Higiene Urbana,10,6,1,3,07/01/2026
Ingeniero Budge,5,2,2,1,07/01/2026
Llavallol,7,5,2,0,07/01/2026
Lomas,7,7,0,0,07/01/2026
Parque Baron,4,3,0,1,07/01/2026
San jose,8,6,1,1,07/01/2026
Santa Catalina,10,7,0,3,07/01/2026
Santa Marta,3,2,1,0,07/01/2026
Secretaria Serv. Publicos,10,6,1,3,07/01/2026
Subse Servicios Urbanos,9,5,1,3,07/01/2026
Temperley,7,5,1,1,07/01/2026
Turdera,2,1,0,1,07/01/2026
Villa Albertina,7,2,4,1,07/01/2026
Villa Centenario,3,2,0,1,07/01/2026
Villa Fiorito,6,3,1,2,07/01/2026
Villa Lamadrid,3,3,0,0,07/01/2026
Banfield,6,6,0,0,08/01/2026
Higiene Urbana,10,6,2,2,08/01/2026
Ingeniero Budge,5,3,1,1,08/01/2026
Llavallol,7,4,3,0,08/01/2026
Lomas,7,7,0,0,08/01/2026
Parque Baron,4,3,0,1,08/01/2026
San jose,8,7,0,1,08/01/2026
Santa Catalina,10,7,1,2,08/01/2026
Santa Marta,3,2,1,0,08/01/2026
Secretaria Serv. Publicos,10,7,1,2,08/01/2026
Subse Servicios Urbanos,9,5,1,3,08/01/2026
Temperley,7,5,2,0,08/01/2026
Turdera,2,1,0,1,08/01/2026
Villa Albertina,7,3,3,1,08/01/2026
Villa Centenario,3,2,0,1,08/01/2026
Villa Fiorito,6,3,2,1,08/01/2026
Villa Lamadrid,3,3,0,0,08/01/2026
Banfield,6,4,2,0,11/01/2026
Higiene Urbana,10,6,2,2,11/01/2026
Ingeniero Budge,5,2,2,1,11/01/2026
Llavallol,7,3,4,0,11/01/2026
Lomas,7,6,1,0,11/01/2026
Parque Baron,4,1,1,2,11/01/2026
San jose,8,6,1,1,11/01/2026
Santa Catalina,10,6,2,2,11/01/2026
Santa Marta,3,2,1,0,11/01/2026
Secretaria Serv. Publicos,10,7,1,2,11/01/2026
Subse Servicios Urbanos,9,5,1,3,11/01/2026
Temperley,7,5,2,0,11/01/2026
Turdera,2,1,0,1,11/01/2026
Villa Albertina,7,2,4,1,11/01/2026
Villa Centenario,3,2,0,1,11/01/2026
Villa Fiorito,6,3,2,1,11/01/2026
Villa Lamadrid,3,3,0,0,11/01/2026
Banfield,6,4,1,1,12/01/2026
Higiene Urbana,10,6,1,3,12/01/2026
Ingeniero Budge,5,3,2,0,12/01/2026
Llavallol,7,4,3,0,12/01/2026
Lomas,7,6,1,0,12/01/2026
Parque Baron,4,2,1,1,12/01/2026
San jose,8,6,1,1,12/01/2026
Santa Catalina,10,6,1,3,12/01/2026
Santa Marta,3,2,0,1,12/01/2026
Secretaria Serv. Publicos,10,5,3,2,12/01/2026
Subse Servicios Urbanos,9,6,0,3,12/01/2026
Temperley,7,4,2,1,12/01/2026
Turdera,2,2,0,0,12/01/2026
Villa Albertina,7,2,4,1,12/01/2026
Villa Centenario,3,2,0,1,12/01/2026
Villa Fiorito,6,3,2,1,12/01/2026
Villa Lamadrid,3,3,0,0,12/01/2026
Banfield,6,5,0,1,13/01/2026
Higiene Urbana,10,6,1,3,13/01/2026
Ingeniero Budge,5,1,4,0,13/01/2026
Llavallol,7,3,4,0,13/01/2026
Lomas,7,7,0,0,13/01/2026
Parque Baron,4,2,1,1,13/01/2026
San jose,8,5,1,2,13/01/2026
Santa Catalina,10,6,1,3,13/01/2026
Santa Marta,3,2,0,1,13/01/2026
Secretaria Serv. Publicos,10,7,1,2,13/01/2026
Subse Servicios Urbanos,9,5,1,3,13/01/2026
Temperley,7,2,4,1,13/01/2026
Turdera,2,2,0,0,13/01/2026
Villa Albertina,7,3,2,2,13/01/2026
Villa Centenario,3,2,0,1,13/01/2026
Villa Fiorito,6,4,1,1,13/01/2026
Villa Lamadrid,3,3,0,0,13/01/2026
Banfield,6,5,0,1,14/01/2026
Higiene Urbana,10,6,2,2,14/01/2026
Ingeniero Budge,5,2,3,0,14/01/2026
Llavallol,7,3,4,0,14/01/2026
Lomas,7,7,0,0,14/01/2026
Parque Baron,4,3,0,1,14/01/2026
San jose,8,6,0,2,14/01/2026
Santa Catalina,10,6,1,3,14/01/2026
Santa Marta,3,2,0,1,14/01/2026
Secretaria Serv. Publicos,10,7,2,1,14/01/2026
Subse Servicios Urbanos,9,5,1,3,14/01/2026
Temperley,7,3,3,1,14/01/2026
Turdera,2,2,0,0,14/01/2026
Villa Albertina,7,3,0,4,14/01/2026
Villa Centenario,3,3,0,0,14/01/2026
Villa Fiorito,6,4,0,2,14/01/2026
Villa Lamadrid,3,3,0,0,14/01/2026
Banfield,6,5,0,1,15/01/2026
Higiene Urbana,10,6,2,2,15/01/2026
Ingeniero Budge,5,1,4,0,15/01/2026
Llavallol,7,5,2,0,15/01/2026
Lomas,7,6,1,0,15/01/2026
Parque Baron,4,3,1,0,15/01/2026
San jose,8,6,0,2,15/01/2026
Santa Catalina,10,6,1,3,15/01/2026
Santa Marta,3,2,1,0,15/01/2026
Secretaria Serv. Publicos,10,7,1,2,15/01/2026
Subse Servicios Urbanos,9,3,2,4,15/01/2026
Temperley,7,5,2,0,15/01/2026
Turdera,2,2,0,0,15/01/2026
Villa Albertina,7,4,0,3,15/01/2026
Villa Centenario,3,3,0,0,15/01/2026
Villa Fiorito,6,4,2,0,15/01/2026
Villa Lamadrid,3,3,0,0,15/01/2026
Banfield,6,5,0,1,18/01/2026
Higiene Urbana,10,6,1,3,18/01/2026
Ingeniero Budge,5,3,2,0,18/01/2026
Llavallol,7,4,3,0,18/01/2026
Lomas,7,7,0,0,18/01/2026
Parque Baron,4,2,1,1,18/01/2026
San jose,8,6,0,2,18/01/2026
Santa Catalina,10,5,1,4,18/01/2026
Santa Marta,3,2,1,0,18/01/2026
Secretaria Serv. Publicos,10,7,1,2,18/01/2026
Subse Servicios Urbanos,9,3,1,5,18/01/2026
Temperley,7,4,3,0,18/01/2026
Turdera,2,2,0,0,18/01/2026
Villa Albertina,7,4,2,1,18/01/2026
Villa Centenario,3,3,0,0,18/01/2026
Villa Fiorito,6,3,2,1,18/01/2026
Villa Lamadrid,3,2,1,0,18/01/2026
Banfield,6,5,0,1,19/01/2026
Higiene Urbana,10,5,2,3,19/01/2026
Ingeniero Budge,5,3,2,0,19/01/2026
Llavallol,7,4,3,0,19/01/2026
Lomas,7,6,1,0,19/01/2026
Parque Baron,4,3,0,1,19/01/2026
San jose,8,6,0,2,19/01/2026
Santa Catalina,10,6,2,2,19/01/2026
Santa Marta,3,2,1,0,19/01/2026
Secretaria Serv. Publicos,10,7,1,2,19/01/2026
Subse Servicios Urbanos,9,3,1,5,19/01/2026
Temperley,7,4,3,0,19/01/2026
Turdera,2,2,0,0,19/01/2026
Villa Albertina,7,4,3,0,19/01/2026
Villa Centenario,3,3,0,0,19/01/2026
Villa Fiorito,6,3,1,2,19/01/2026
Villa Lamadrid,3,2,1,0,19/01/2026
Banfield,6,5,1,0,20/01/2026
Higiene Urbana,10,5,1,4,20/01/2026
Ingeniero Budge,5,3,2,0,20/01/2026
Llavallol,7,4,3,0,20/01/2026
Lomas,7,6,1,0,20/01/2026
Parque Baron,4,2,1,1,20/01/2026
San jose,8,5,1,2,20/01/2026
Santa Catalina,10,5,3,2,20/01/2026
Santa Marta,3,2,1,0,20/01/2026
Secretaria Serv. Publicos,10,6,2,2,20/01/2026
Subse Servicios Urbanos,9,4,0,5,20/01/2026
Temperley,7,4,3,0,20/01/2026
Turdera,2,1,1,0,20/01/2026
Villa Albertina,7,3,4,0,20/01/2026
Villa Centenario,3,3,0,0,20/01/2026
Villa Fiorito,6,3,1,2,20/01/2026
Villa Lamadrid,3,3,0,0,20/01/2026
Banfield,6,6,0,0,21/01/2026
Higiene Urbana,10,5,1,4,21/01/2026
Ingeniero Budge,5,3,2,0,21/01/2026
Llavallol,7,4,3,0,21/01/2026
Lomas,7,7,0,0,21/01/2026
Parque Baron,4,2,1,1,21/01/2026
San jose,8,5,0,3,21/01/2026
Santa Catalina,10,6,3,1,21/01/2026
Santa Marta,3,2,1,0,21/01/2026
Secretaria Serv. Publicos,10,4,4,2,21/01/2026
Subse Servicios Urbanos,9,4,0,5,21/01/2026
Temperley,7,4,3,0,21/01/2026
Turdera,2,1,0,1,21/01/2026
Villa Albertina,7,4,3,0,21/01/2026
Villa Centenario,3,3,0,0,21/01/2026
Villa Fiorito,6,3,1,2,21/01/2026
Villa Lamadrid,3,3,0,0,21/01/2026
Banfield,6,5,1,0,22/01/2026
Higiene Urbana,10,5,2,3,22/01/2026
Ingeniero Budge,5,3,2,0,22/01/2026
Llavallol,7,2,5,0,22/01/2026
Lomas,7,7,0,0,22/01/2026
Parque Baron,4,3,0,1,22/01/2026
San jose,8,4,0,4,22/01/2026
Santa Catalina,10,6,3,1,22/01/2026
Santa Marta,3,1,2,0,22/01/2026
Secretaria Serv. Publicos,10,7,1,2,22/01/2026
Subse Servicios Urbanos,9,4,1,4,22/01/2026
Temperley,7,5,2,0,22/01/2026
Turdera,2,1,0,1,22/01/2026
Villa Albertina,7,3,4,0,22/01/2026
Villa Centenario,3,3,0,0,22/01/2026
Villa Fiorito,6,3,1,2,22/01/2026
Villa Lamadrid,3,3,0,0,22/01/2026
Banfield,6,5,1,0,25/01/2026
Higiene Urbana,10,6,2,2,25/01/2026
Ingeniero Budge,5,3,2,0,25/01/2026
Llavallol,7,3,4,0,25/01/2026
Lomas,7,6,1,0,25/01/2026
Parque Baron,4,2,0,2,25/01/2026
San jose,8,3,1,4,25/01/2026
Santa Catalina,10,6,4,0,25/01/2026
Santa Marta,3,2,1,0,25/01/2026
Secretaria Serv. Publicos,10,6,1,3,25/01/2026
Subse Servicios Urbanos,9,4,1,4,25/01/2026
Temperley,7,5,1,1,25/01/2026
Turdera,2,2,0,0,25/01/2026
Villa Albertina,7,3,3,1,25/01/2026
Villa Centenario,3,3,0,0,25/01/2026
Villa Fiorito,6,3,1,2,25/01/2026
Villa Lamadrid,3,3,0,0,25/01/2026
Banfield,6,6,0,0,26/01/2026
Higiene Urbana,10,6,2,2,26/01/2026
Ingeniero Budge,5,2,3,0,26/01/2026
Llavallol,7,4,3,0,26/01/2026
Lomas,7,6,0,1,26/01/2026
Parque Baron,4,2,0,2,26/01/2026
San jose,8,4,0,4,26/01/2026
Santa Catalina,10,6,4,0,26/01/2026
Santa Marta,3,3,0,0,26/01/2026
Secretaria Serv. Publicos,10,6,1,3,26/01/2026
Subse Servicios Urbanos,9,4,1,4,26/01/2026
Temperley,7,5,1,1,26/01/2026
Turdera,2,2,0,0,26/01/2026
Villa Albertina,7,4,1,2,26/01/2026
Villa Centenario,3,3,0,0,26/01/2026
Villa Fiorito,6,3,2,1,26/01/2026
Villa Lamadrid,3,3,0,0,26/01/2026
Banfield,6,5,1,0,27/01/2026
Higiene Urbana,10,6,2,2,27/01/2026
Ingeniero Budge,5,4,1,0,27/01/2026
Llavallol,7,4,3,0,27/01/2026
Lomas,7,6,1,0,27/01/2026
Parque Baron,4,2,1,1,27/01/2026
San jose,8,5,0,3,27/01/2026
Santa Catalina,10,7,3,0,27/01/2026
Santa Marta,3,3,0,0,27/01/2026
Secretaria Serv. Publicos,10,6,1,3,27/01/2026
Subse Servicios Urbanos,9,4,1,4,27/01/2026
Temperley,7,5,1,1,27/01/2026
Turdera,2,2,0,0,27/01/2026
Villa Albertina,7,4,0,3,27/01/2026
Villa Centenario,3,3,0,0,27/01/2026
Villa Fiorito,6,3,2,1,27/01/2026
Villa Lamadrid,3,2,1,0,27/01/2026
Banfield,6,6,0,0,28/01/2026
Higiene Urbana,10,5,2,3,28/01/2026
Ingeniero Budge,5,4,1,0,28/01/2026
Llavallol,7,4,2,1,28/01/2026
Lomas,7,6,1,0,28/01/2026
Parque Baron,4,3,0,1,28/01/2026
San jose,8,5,0,3,28/01/2026
Santa Catalina,10,5,4,1,28/01/2026
Santa Marta,3,2,1,0,28/01/2026
Secretaria Serv. Publicos,10,5,2,3,28/01/2026
Subse Servicios Urbanos,9,4,1,4,28/01/2026
Temperley,7,5,1,1,28/01/2026
Turdera,2,2,0,0,28/01/2026
Villa Albertina,7,3,0,4,28/01/2026
Villa Centenario,3,3,0,0,28/01/2026
Villa Fiorito,6,4,1,1,28/01/2026
Villa Lamadrid,3,2,1,0,28/01/2026
Banfield,6,5,1,0,29/01/2026
Higiene Urbana,10,5,2,3,29/01/2026
Ingeniero Budge,5,4,1,0,29/01/2026
Llavallol,7,4,1,2,29/01/2026
Lomas,7,7,0,0,29/01/2026
Parque Baron,4,3,0,1,29/01/2026
San jose,8,5,1,2,29/01/2026
Santa Catalina,10,5,3,2,29/01/2026
Santa Marta,3,2,1,0,29/01/2026
Secretaria Serv. Publicos,10,6,1,3,29/01/2026
Subse Servicios Urbanos,9,5,0,4,29/01/2026
Temperley,7,6,0,1,29/01/2026
Turdera,2,2,0,0,29/01/2026
Villa Albertina,7,3,0,4,29/01/2026
Villa Centenario,3,3,0,0,29/01/2026
Villa Fiorito,6,4,1,1,29/01/2026
Villa Lamadrid,3,3,0,0,29/01/2026
Banfield,6,5,1,0,01/02/2026
Higiene Urbana,10,6,2,2,01/02/2026
Ingeniero Budge,5,2,2,1,01/02/2026
Llavallol,7,3,1,3,01/02/2026
Lomas,7,6,1,0,01/02/2026
Parque Baron,4,2,1,1,01/02/2026
San jose,8,5,1,2,01/02/2026
Santa Catalina,10,5,5,0,01/02/2026
Santa Marta,3,2,1,0,01/02/2026
Secretaria Serv. Publicos,10,6,1,3,01/02/2026
Subse Servicios Urbanos,9,5,0,4,01/02/2026
Temperley,7,5,1,1,01/02/2026
Turdera,2,2,0,0,01/02/2026
Villa Albertina,7,3,0,4,01/02/2026
Villa Centenario,3,1,2,0,01/02/2026
Villa Fiorito,6,3,2,1,01/02/2026
Villa Lamadrid,3,3,0,0,01/02/2026
Banfield,6,5,1,0,02/02/2026
Higiene Urbana,10,6,2,2,02/02/2026
Ingeniero Budge,5,2,2,1,02/02/2026
Llavallol,7,4,0,3,02/02/2026
Lomas,7,6,1,0,02/02/2026
Parque Baron,4,2,1,1,02/02/2026
San jose,8,5,1,2,02/02/2026
Santa Catalina,10,3,5,2,02/02/2026
Santa Marta,3,2,1,0,02/02/2026
Secretaria Serv. Publicos,10,6,1,3,02/02/2026
Subse Servicios Urbanos,9,5,0,4,02/02/2026
Temperley,7,5,1,1,02/02/2026
Turdera,2,2,0,0,02/02/2026
Villa Albertina,7,2,1,4,02/02/2026
Villa Centenario,3,0,3,0,02/02/2026
Villa Fiorito,6,3,2,1,02/02/2026
Villa Lamadrid,3,3,0,0,02/02/2026
Banfield,6,4,2,0,03/02/2026
Higiene Urbana,10,6,2,2,03/02/2026
Ingeniero Budge,5,4,0,1,03/02/2026
Llavallol,7,4,1,2,03/02/2026
Lomas,7,6,0,1,03/02/2026
Parque Baron,4,2,1,1,03/02/2026
San jose,8,5,1,2,03/02/2026
Santa Catalina,10,5,1,4,03/02/2026
Santa Marta,3,1,2,0,03/02/2026
Secretaria Serv. Publicos,10,6,1,3,03/02/2026
Subse Servicios Urbanos,9,5,0,4,03/02/2026
Temperley,7,5,1,1,03/02/2026
Turdera,2,2,0,0,03/02/2026
Villa Albertina,7,2,1,4,03/02/2026
Villa Centenario,3,2,0,1,03/02/2026
Villa Fiorito,6,3,2,1,03/02/2026
Villa Lamadrid,3,2,1,0,03/02/2026
Banfield,6,4,2,0,04/02/2026
Higiene Urbana,10,7,1,2,04/02/2026
Ingeniero Budge,5,4,0,1,04/02/2026
Llavallol,7,4,1,2,04/02/2026
Lomas,7,6,0,1,04/02/2026
Parque Baron,4,3,0,1,04/02/2026
San jose,8,5,1,2,04/02/2026
Santa Catalina,10,5,2,3,04/02/2026
Santa Marta,3,2,1,0,04/02/2026
Secretaria Serv. Publicos,10,6,1,3,04/02/2026
Subse Servicios Urbanos,9,4,0,5,04/02/2026
Temperley,7,5,1,1,04/02/2026
Turdera,2,2,0,0,04/02/2026
Villa Albertina,7,3,0,4,04/02/2026
Villa Centenario,3,2,1,0,04/02/2026
Villa Fiorito,6,2,1,3,04/02/2026
Villa Lamadrid,3,2,1,0,04/02/2026
Banfield,6,5,1,0,05/02/2026
Higiene Urbana,10,6,2,2,05/02/2026
Ingeniero Budge,5,4,0,1,05/02/2026
Llavallol,7,5,0,2,05/02/2026
Lomas,7,6,0,1,05/02/2026
Parque Baron,4,2,0,2,05/02/2026
San jose,8,5,1,2,05/02/2026
Santa Catalina,10,6,1,3,05/02/2026
Santa Marta,3,2,1,0,05/02/2026
Secretaria Serv. Publicos,10,6,1,3,05/02/2026
Subse Servicios Urbanos,9,3,1,5,05/02/2026
Temperley,7,4,2,1,05/02/2026
Turdera,2,2,0,0,05/02/2026
Villa Albertina,7,3,0,4,05/02/2026
Villa Centenario,3,2,1,0,05/02/2026
Villa Fiorito,6,2,1,3,05/02/2026
Villa Lamadrid,3,3,0,0,05/02/2026
Banfield,6,3,3,0,08/02/2026
Higiene Urbana,10,6,0,4,08/02/2026
Ingeniero Budge,5,3,2,0,08/02/2026
Llavallol,7,5,0,2,08/02/2026
Lomas,7,6,1,0,08/02/2026
Parque Baron,4,1,1,2,08/02/2026
San jose,8,4,2,2,08/02/2026
Santa Catalina,10,6,1,3,08/02/2026
Santa Marta,3,2,1,0,08/02/2026
Secretaria Serv. Publicos,10,6,1,3,08/02/2026
Subse Servicios Urbanos,9,5,1,3,08/02/2026
Temperley,7,5,1,1,08/02/2026
Turdera,2,2,0,0,08/02/2026
Villa Albertina,7,3,0,4,08/02/2026
Villa Centenario,3,2,1,0,08/02/2026
Villa Fiorito,6,3,2,1,08/02/2026
Villa Lamadrid,3,2,0,1,08/02/2026
Banfield,6,5,1,0,09/02/2026
Higiene Urbana,10,6,0,4,09/02/2026
Ingeniero Budge,5,3,1,1,09/02/2026
Llavallol,7,5,0,2,09/02/2026
Lomas,7,5,2,0,09/02/2026
Parque Baron,4,2,1,1,09/02/2026
San jose,8,4,1,3,09/02/2026
Santa Catalina,10,6,2,2,09/02/2026
Santa Marta,3,2,1,0,09/02/2026
Secretaria Serv. Publicos,10,6,1,3,09/02/2026
Subse Servicios Urbanos,9,4,2,3,09/02/2026
Temperley,7,5,2,0,09/02/2026
Turdera,2,2,0,0,09/02/2026
Villa Albertina,7,2,1,4,09/02/2026
Villa Centenario,3,1,2,0,09/02/2026
Villa Fiorito,6,3,1,2,09/02/2026
Villa Lamadrid,3,2,0,1,09/02/2026
Banfield,6,4,2,0,10/02/2026
Higiene Urbana,10,6,1,3,10/02/2026
Ingeniero Budge,5,2,2,1,10/02/2026
Llavallol,7,5,0,2,10/02/2026
Lomas,7,5,2,0,10/02/2026
Parque Baron,4,2,1,1,10/02/2026
San jose,8,4,2,2,10/02/2026
Santa Catalina,10,5,2,3,10/02/2026
Santa Marta,3,2,1,0,10/02/2026
Secretaria Serv. Publicos,10,6,1,3,10/02/2026
Subse Servicios Urbanos,9,4,2,3,10/02/2026
Temperley,7,5,2,0,10/02/2026
Turdera,2,2,0,0,10/02/2026
Villa Albertina,7,2,1,4,10/02/2026
Villa Centenario,3,0,3,0,10/02/2026
Villa Fiorito,6,2,3,1,10/02/2026
Villa Lamadrid,3,3,0,0,10/02/2026
Banfield,6,4,2,0,11/02/2026
Higiene Urbana,10,6,1,3,11/02/2026
Ingeniero Budge,5,2,2,1,11/02/2026
Llavallol,7,5,0,2,11/02/2026
Lomas,7,5,2,0,11/02/2026
Parque Baron,4,2,1,1,11/02/2026
San jose,8,5,1,2,11/02/2026
Santa Catalina,10,4,3,3,11/02/2026
Santa Marta,3,2,1,0,11/02/2026
Secretaria Serv. Publicos,10,5,2,3,11/02/2026
Subse Servicios Urbanos,9,5,1,3,11/02/2026
Temperley,7,5,2,0,11/02/2026
Turdera,2,2,0,0,11/02/2026
Villa Albertina,7,2,1,4,11/02/2026
Villa Centenario,3,1,2,0,11/02/2026
Villa Fiorito,6,3,2,1,11/02/2026
Villa Lamadrid,3,3,0,0,11/02/2026
Banfield,6,6,0,0,12/02/2026
Higiene Urbana,10,6,1,3,12/02/2026
Ingeniero Budge,5,4,1,0,12/02/2026
Llavallol,7,5,0,2,12/02/2026
Lomas,7,6,1,0,12/02/2026
Parque Baron,4,3,0,1,12/02/2026
San jose,8,4,3,1,12/02/2026
Santa Catalina,10,5,2,3,12/02/2026
Santa Marta,3,2,1,0,12/02/2026
Secretaria Serv. Publicos,10,6,1,3,12/02/2026
Subse Servicios Urbanos,9,4,2,3,12/02/2026
Temperley,7,5,2,0,12/02/2026
Turdera,2,2,0,0,12/02/2026
Villa Albertina,7,3,1,3,12/02/2026
Villa Centenario,3,1,2,0,12/02/2026
Villa Fiorito,6,3,1,2,12/02/2026
Villa Lamadrid,3,3,0,0,12/02/2026
Banfield,6,4,2,0,17/02/2026
Higiene Urbana,10,7,2,1,17/02/2026
Ingeniero Budge,5,3,2,0,17/02/2026
Llavallol,7,4,1,2,17/02/2026
Lomas,7,6,1,0,17/02/2026
Parque Baron,4,3,0,1,17/02/2026
San jose,8,5,2,1,17/02/2026
Santa Catalina,10,3,4,3,17/02/2026
Santa Marta,3,2,1,0,17/02/2026
Secretaria Serv. Publicos,10,3,4,3,17/02/2026
Subse Servicios Urbanos,9,5,1,3,17/02/2026
Temperley,7,5,2,0,17/02/2026
Turdera,2,2,0,0,17/02/2026
Villa Albertina,7,2,0,5,17/02/2026
Villa Centenario,3,2,1,0,17/02/2026
Villa Fiorito,6,2,3,1,17/02/2026
Villa Lamadrid,3,0,3,0,17/02/2026
Banfield,6,0,6,0,18/02/2026
Higiene Urbana,10,6,1,3,18/02/2026
Ingeniero Budge,5,0,5,0,18/02/2026
Llavallol,7,0,6,1,18/02/2026
Lomas,7,0,7,0,18/02/2026
Parque Baron,4,1,1,2,18/02/2026
San jose,8,1,4,3,18/02/2026
Santa Catalina,10,3,4,3,18/02/2026
Santa Marta,3,0,3,0,18/02/2026
Secretaria Serv. Publicos,10,7,1,2,18/02/2026
Subse Servicios Urbanos,9,3,3,3,18/02/2026
Temperley,7,0,7,0,18/02/2026
Turdera,2,0,2,0,18/02/2026
Villa Albertina,7,0,3,4,18/02/2026
Villa Centenario,3,0,3,0,18/02/2026
Villa Fiorito,6,2,3,1,18/02/2026
Villa Lamadrid,3,0,3,0,18/02/2026
Banfield,6,5,1,0,19/02/2026
Higiene Urbana,10,6,1,3,19/02/2026
Ingeniero Budge,5,2,3,0,19/02/2026
Llavallol,7,5,1,1,19/02/2026
Lomas,7,6,1,0,19/02/2026
Parque Baron,4,2,1,1,19/02/2026
San jose,8,4,1,3,19/02/2026
Santa Catalina,10,6,1,3,19/02/2026
Santa Marta,3,2,1,0,19/02/2026
Secretaria Serv. Publicos,10,7,1,2,19/02/2026
Subse Servicios Urbanos,9,5,1,3,19/02/2026
Temperley,7,5,2,0,19/02/2026
Turdera,2,1,1,0,19/02/2026
Villa Albertina,7,2,1,4,19/02/2026
Villa Centenario,3,2,1,0,19/02/2026
Villa Fiorito,6,5,0,1,19/02/2026
Villa Lamadrid,3,1,1,1,19/02/2026
Banfield,6,5,1,0,22/02/2026
Higiene Urbana,10,6,1,3,22/02/2026
Ingeniero Budge,5,2,3,0,22/02/2026
Llavallol,7,5,1,1,22/02/2026
Lomas,7,6,1,0,22/02/2026
Parque Baron,4,2,1,1,22/02/2026
San jose,8,3,2,3,22/02/2026
Santa Catalina,10,6,2,2,22/02/2026
Santa Marta,3,3,0,0,22/02/2026
Secretaria Serv. Publicos,10,7,1,2,22/02/2026
Subse Servicios Urbanos,9,4,3,2,22/02/2026
Temperley,7,6,1,0,22/02/2026
Turdera,2,1,0,1,22/02/2026
Villa Albertina,7,2,2,3,22/02/2026
Villa Centenario,3,2,1,0,22/02/2026
Villa Fiorito,6,5,0,1,22/02/2026
Villa Lamadrid,3,1,1,1,22/02/2026
Banfield,6,3,2,1,23/02/2026
Higiene Urbana,10,6,0,4,23/02/2026
Ingeniero Budge,5,2,3,0,23/02/2026
Llavallol,7,4,0,3,23/02/2026
Lomas,7,7,0,0,23/02/2026
Parque Baron,4,2,0,2,23/02/2026
San jose,8,3,2,3,23/02/2026
Santa Catalina,10,6,2,2,23/02/2026
Santa Marta,3,3,0,0,23/02/2026
Secretaria Serv. Publicos,10,7,0,3,23/02/2026
Subse Servicios Urbanos,9,4,1,4,23/02/2026
Temperley,7,6,0,1,23/02/2026
Turdera,2,1,0,1,23/02/2026
Villa Albertina,7,2,1,4,23/02/2026
Villa Centenario,3,2,1,0,23/02/2026
Villa Fiorito,6,5,0,1,23/02/2026
Villa Lamadrid,3,1,0,2,23/02/2026
Banfield,6,4,2,0,24/02/2026
Higiene Urbana,10,5,1,4,24/02/2026
Ingeniero Budge,5,2,3,0,24/02/2026
Llavallol,7,4,0,3,24/02/2026
Lomas,7,7,0,0,24/02/2026
Parque Baron,4,2,0,2,24/02/2026
San jose,8,3,2,3,24/02/2026
Santa Catalina,10,6,2,2,24/02/2026
Santa Marta,3,3,0,0,24/02/2026
Secretaria Serv. Publicos,10,7,0,3,24/02/2026
Subse Servicios Urbanos,9,3,2,4,24/02/2026
Temperley,7,6,0,1,24/02/2026
Turdera,2,1,0,1,24/02/2026
Villa Albertina,7,1,3,3,24/02/2026
Villa Centenario,3,3,0,0,24/02/2026
Villa Fiorito,6,4,0,2,24/02/2026
Villa Lamadrid,3,1,0,2,24/02/2026
Banfield,6,4,2,0,25/02/2026
Higiene Urbana,10,6,0,4,25/02/2026
Ingeniero Budge,5,2,3,0,25/02/2026
Llavallol,7,4,0,3,25/02/2026
Lomas,7,7,0,0,25/02/2026
Parque Baron,4,3,0,1,25/02/2026
San jose,8,4,1,3,25/02/2026
Santa Catalina,10,5,3,2,25/02/2026
Santa Marta,3,3,0,0,25/02/2026
Secretaria Serv. Publicos,10,6,1,3,25/02/2026
Subse Servicios Urbanos,9,5,1,3,25/02/2026
Temperley,7,6,0,1,25/02/2026
Turdera,2,1,0,1,25/02/2026
Villa Albertina,7,2,3,2,25/02/2026
Villa Centenario,3,2,1,0,25/02/2026
Villa Fiorito,6,5,0,1,25/02/2026
Villa Lamadrid,3,1,0,2,25/02/2026
Banfield,6,5,1,0,26/02/2026
Higiene Urbana,10,6,1,3,26/02/2026
Ingeniero Budge,5,2,3,0,26/02/2026
Llavallol,7,6,0,1,26/02/2026
Lomas,7,7,0,0,26/02/2026
Parque Baron,4,3,0,1,26/02/2026
San jose,8,4,2,2,26/02/2026
Santa Catalina,10,5,1,4,26/02/2026
Santa Marta,3,3,0,0,26/02/2026
Secretaria Serv. Publicos,10,7,1,2,26/02/2026
Subse Servicios Urbanos,9,5,1,3,26/02/2026
Temperley,7,6,0,1,26/02/2026
Turdera,2,1,0,1,26/02/2026
Villa Albertina,7,2,3,2,26/02/2026
Villa Centenario,3,3,0,0,26/02/2026
Villa Fiorito,6,4,1,1,26/02/2026
Villa Lamadrid,3,1,0,2,26/02/2026
Banfield,6,6,0,0,02/03/2026
Higiene Urbana,10,6,0,4,02/03/2026
Ingeniero Budge,5,3,2,0,02/03/2026
Llavallol,7,5,1,1,02/03/2026
Lomas,7,6,1,0,02/03/2026
Parque Baron,4,3,0,1,02/03/2026
San jose,8,3,2,3,02/03/2026
Santa Catalina,10,5,1,4,02/03/2026
Santa Marta,3,3,0,0,02/03/2026
Secretaria Serv. Publicos,10,8,0,2,02/03/2026
Subse Servicios Urbanos,9,4,2,3,02/03/2026
Temperley,7,6,0,1,02/03/2026
Turdera,2,1,0,1,02/03/2026
Villa Albertina,7,3,2,2,02/03/2026
Villa Centenario,3,2,1,0,02/03/2026
Villa Fiorito,6,4,1,1,02/03/2026
Villa Lamadrid,3,1,0,2,02/03/2026
Banfield,6,5,1,0,03/03/2026
Higiene Urbana,10,6,0,4,03/03/2026
Ingeniero Budge,5,3,2,0,03/03/2026
Llavallol,7,3,3,1,03/03/2026
Lomas,7,6,0,1,03/03/2026
Parque Baron,4,3,0,1,03/03/2026
San jose,8,3,2,3,03/03/2026
Santa Catalina,10,3,2,5,03/03/2026
Santa Marta,3,3,0,0,03/03/2026
Secretaria Serv. Publicos,10,7,1,2,03/03/2026
Subse Servicios Urbanos,9,5,1,3,03/03/2026
Temperley,7,6,0,1,03/03/2026
Turdera,2,1,0,1,03/03/2026
Villa Albertina,7,4,1,2,03/03/2026
Villa Centenario,3,2,1,0,03/03/2026
Villa Fiorito,6,5,0,1,03/03/2026
Villa Lamadrid,3,1,0,2,03/03/2026
Banfield,6,6,0,0,04/03/2026
Higiene Urbana,10,5,1,4,04/03/2026
Ingeniero Budge,5,3,2,0,04/03/2026
Llavallol,7,5,0,2,04/03/2026
Lomas,7,6,0,1,04/03/2026
Parque Baron,4,2,0,2,04/03/2026
San jose,8,4,1,3,04/03/2026
Santa Catalina,10,4,1,5,04/03/2026
Santa Marta,3,2,1,0,04/03/2026
Secretaria Serv. Publicos,10,8,1,1,04/03/2026
Subse Servicios Urbanos,9,7,0,2,04/03/2026
Temperley,7,5,0,2,04/03/2026
Turdera,2,2,0,0,04/03/2026
Villa Albertina,7,4,0,3,04/03/2026
Villa Centenario,3,3,0,0,04/03/2026
Villa Fiorito,6,5,0,1,04/03/2026
Villa Lamadrid,3,1,0,2,04/03/2026
Banfield,6,6,0,0,05/03/2026
Higiene Urbana,10,5,5,0,05/03/2026
Ingeniero Budge,5,2,3,0,05/03/2026
Llavallol,7,4,1,2,05/03/2026
Lomas,7,6,0,1,05/03/2026
Parque Baron,4,2,0,2,05/03/2026
San jose,8,4,1,3,05/03/2026
Santa Catalina,10,5,1,4,05/03/2026
Santa Marta,3,2,1,0,05/03/2026
Secretaria Serv. Publicos,10,8,1,1,05/03/2026
Subse Servicios Urbanos,9,6,1,2,05/03/2026
Temperley,7,5,0,2,05/03/2026
Turdera,2,2,0,0,05/03/2026
Villa Albertina,7,3,0,4,05/03/2026
Villa Centenario,3,2,1,0,05/03/2026
Villa Fiorito,6,5,0,1,05/03/2026
Villa Lamadrid,3,1,0,2,05/03/2026
Banfield,6,6,0,0,08/03/2026
Higiene Urbana,10,5,1,4,08/03/2026
Ingeniero Budge,5,3,2,0,08/03/2026
Llavallol,7,4,1,2,08/03/2026
Lomas,7,6,0,1,08/03/2026
Parque Baron,4,3,0,1,08/03/2026
San jose,8,5,0,3,08/03/2026
Santa Catalina,10,5,1,4,08/03/2026
Santa Marta,3,3,0,0,08/03/2026
Secretaria Serv. Publicos,10,8,1,1,08/03/2026
Subse Servicios Urbanos,9,7,0,2,08/03/2026
Temperley,7,5,0,2,08/03/2026
Turdera,2,2,0,0,08/03/2026
Villa Albertina,7,3,0,4,08/03/2026
Villa Centenario,3,3,0,0,08/03/2026
Villa Fiorito,6,5,0,1,08/03/2026
Villa Lamadrid,3,1,0,2,08/03/2026
Banfield,6,6,0,0,09/03/2026
Higiene Urbana,10,5,1,4,09/03/2026
Ingeniero Budge,5,3,2,0,09/03/2026
Llavallol,7,5,0,2,09/03/2026
Lomas,7,6,0,1,09/03/2026
Parque Baron,4,3,0,1,09/03/2026
San jose,8,4,1,3,09/03/2026
Santa Catalina,10,7,0,3,09/03/2026
Santa Marta,3,3,0,0,09/03/2026
Secretaria Serv. Publicos,10,8,1,1,09/03/2026
Subse Servicios Urbanos,9,6,0,3,09/03/2026
Temperley,7,4,0,3,09/03/2026
Turdera,2,2,0,0,09/03/2026
Villa Albertina,7,4,0,3,09/03/2026
Villa Centenario,3,2,1,0,09/03/2026
Villa Fiorito,6,5,0,1,09/03/2026
Villa Lamadrid,3,1,0,2,09/03/2026
Banfield,6,6,0,0,10/03/2026
Higiene Urbana,10,5,1,4,10/03/2026
Ingeniero Budge,5,4,1,0,10/03/2026
Llavallol,7,5,1,1,10/03/2026
Lomas,7,6,0,1,10/03/2026
Parque Baron,4,2,0,2,10/03/2026
San jose,8,4,1,3,10/03/2026
Santa Catalina,10,7,0,3,10/03/2026
Santa Marta,3,1,2,0,10/03/2026
Secretaria Serv. Publicos,10,8,1,1,10/03/2026
Subse Servicios Urbanos,9,6,0,3,10/03/2026
Temperley,7,3,1,3,10/03/2026
Turdera,2,2,0,0,10/03/2026
Villa Albertina,7,3,0,4,10/03/2026
Villa Centenario,3,2,1,0,10/03/2026
Villa Fiorito,6,5,0,1,10/03/2026
Villa Lamadrid,3,1,0,2,10/03/2026
Banfield,6,6,0,0,11/03/2026
Higiene Urbana,10,5,0,5,11/03/2026
Ingeniero Budge,5,4,1,0,11/03/2026
Llavallol,7,5,0,2,11/03/2026
Lomas,7,6,0,1,11/03/2026
Parque Baron,4,3,0,1,11/03/2026
San jose,8,5,0,3,11/03/2026
Santa Catalina,10,7,0,3,11/03/2026
Santa Marta,3,2,1,0,11/03/2026
Secretaria Serv. Publicos,10,6,1,3,11/03/2026
Subse Servicios Urbanos,9,7,0,2,11/03/2026
Temperley,7,5,0,2,11/03/2026
Turdera,2,2,0,0,11/03/2026
Villa Albertina,7,4,0,3,11/03/2026
Villa Centenario,3,3,0,0,11/03/2026
Villa Fiorito,6,5,0,1,11/03/2026
Villa Lamadrid,3,1,0,2,11/03/2026
Banfield,6,5,1,0,12/03/2026
Higiene Urbana,10,5,0,5,12/03/2026
Ingeniero Budge,5,4,1,0,12/03/2026
Llavallol,7,5,0,2,12/03/2026
Lomas,7,6,0,1,12/03/2026
Parque Baron,4,3,0,1,12/03/2026
San jose,8,5,0,3,12/03/2026
Santa Catalina,10,7,1,2,12/03/2026
Santa Marta,3,2,1,0,12/03/2026
Secretaria Serv. Publicos,10,8,1,1,12/03/2026
Subse Servicios Urbanos,9,5,0,4,12/03/2026
Temperley,7,6,0,1,12/03/2026
Turdera,2,2,0,0,12/03/2026
Villa Albertina,7,4,0,3,12/03/2026
Villa Centenario,3,3,0,0,12/03/2026
Villa Fiorito,6,5,0,1,12/03/2026
Villa Lamadrid,3,1,0,2,12/03/2026
Banfield,6,6,0,0,15/03/2026
Higiene Urbana,10,5,0,5,15/03/2026
Ingeniero Budge,5,4,1,0,15/03/2026
Llavallol,7,5,0,2,15/03/2026
Lomas,7,6,0,1,15/03/2026
Parque Baron,4,2,1,1,15/03/2026
San jose,8,5,0,3,15/03/2026
Santa Catalina,10,7,0,3,15/03/2026
Santa Marta,3,3,0,0,15/03/2026
Secretaria Serv. Publicos,10,8,1,1,15/03/2026
Subse Servicios Urbanos,9,5,0,4,15/03/2026
Temperley,7,6,0,1,15/03/2026
Turdera,2,2,0,0,15/03/2026
Villa Albertina,7,4,0,3,15/03/2026
Villa Centenario,3,2,0,1,15/03/2026
Villa Fiorito,6,3,1,2,15/03/2026
Villa Lamadrid,3,3,0,0,15/03/2026
Banfield,6,4,2,0,16/03/2026
Higiene Urbana,10,5,0,5,16/03/2026
Ingeniero Budge,5,4,0,1,16/03/2026
Llavallol,7,5,0,2,16/03/2026
Lomas,7,6,0,1,16/03/2026
Parque Baron,4,3,0,1,16/03/2026
San jose,8,5,0,3,16/03/2026
Santa Catalina,10,8,0,2,16/03/2026
Santa Marta,3,3,0,0,16/03/2026
Secretaria Serv. Publicos,10,8,1,1,16/03/2026
Subse Servicios Urbanos,9,5,0,4,16/03/2026
Temperley,7,6,0,1,16/03/2026
Turdera,2,2,0,0,16/03/2026
Villa Albertina,7,5,0,2,16/03/2026
Villa Centenario,3,3,0,0,16/03/2026
Villa Fiorito,6,5,0,1,16/03/2026
Villa Lamadrid,3,1,1,1,16/03/2026
Banfield,6,6,0,0,17/03/2026
Higiene Urbana,10,5,0,5,17/03/2026
Ingeniero Budge,5,4,1,0,17/03/2026
Llavallol,7,5,1,1,17/03/2026
Lomas,7,5,0,2,17/03/2026
Parque Baron,4,2,1,1,17/03/2026
San jose,8,5,0,3,17/03/2026
Santa Catalina,10,7,0,3,17/03/2026
Santa Marta,3,3,0,0,17/03/2026
Secretaria Serv. Publicos,10,5,3,2,17/03/2026
Subse Servicios Urbanos,9,5,0,4,17/03/2026
Temperley,7,6,0,1,17/03/2026
Turdera,2,2,0,0,17/03/2026
Villa Albertina,7,4,0,3,17/03/2026
Villa Centenario,3,2,0,1,17/03/2026
Villa Fiorito,6,4,0,2,17/03/2026
Villa Lamadrid,3,1,0,2,17/03/2026
Banfield,6,6,0,0,18/03/2026
Higiene Urbana,10,5,0,5,18/03/2026
Ingeniero Budge,5,4,0,1,18/03/2026
Llavallol,7,4,2,1,18/03/2026
Lomas,7,6,0,1,18/03/2026
Parque Baron,4,2,1,1,18/03/2026
San jose,8,4,0,4,18/03/2026
Santa Catalina,10,6,1,3,18/03/2026
Santa Marta,3,3,0,0,18/03/2026
Secretaria Serv. Publicos,10,6,2,2,18/03/2026
Subse Servicios Urbanos,9,5,0,4,18/03/2026
Temperley,7,6,0,1,18/03/2026
Turdera,2,2,0,0,18/03/2026
Villa Albertina,7,4,0,3,18/03/2026
Villa Centenario,3,2,0,1,18/03/2026
Villa Fiorito,6,4,0,2,18/03/2026
Villa Lamadrid,3,2,0,1,18/03/2026
Banfield,6,6,0,0,19/03/2026
Higiene Urbana,10,5,0,5,19/03/2026
Ingeniero Budge,5,4,0,1,19/03/2026
Llavallol,7,3,0,4,19/03/2026
Lomas,7,6,0,1,19/03/2026
Parque Baron,4,2,1,1,19/03/2026
San jose,8,3,1,4,19/03/2026
Santa Catalina,10,7,0,3,19/03/2026
Santa Marta,3,2,0,1,19/03/2026
Secretaria Serv. Publicos,10,7,1,2,19/03/2026
Subse Servicios Urbanos,9,5,0,4,19/03/2026
Temperley,7,6,0,1,19/03/2026
Turdera,2,2,0,0,19/03/2026
Villa Albertina,7,4,0,3,19/03/2026
Villa Centenario,3,2,0,1,19/03/2026
Villa Fiorito,6,5,0,1,19/03/2026
Villa Lamadrid,3,2,0,1,19/03/2026
Banfield,6,4,0,2,24/03/2026
Higiene Urbana,10,7,0,3,24/03/2026
Ingeniero Budge,5,3,0,2,24/03/2026
Llavallol,7,5,0,2,24/03/2026
Lomas,7,6,0,1,24/03/2026
Parque Baron,4,3,0,1,24/03/2026
San jose,8,5,0,3,24/03/2026
Santa Catalina,10,7,0,3,24/03/2026
Santa Marta,3,3,0,0,24/03/2026
Secretaria Serv. Publicos,10,8,1,1,24/03/2026
Subse Servicios Urbanos,9,5,0,4,24/03/2026
Temperley,7,6,0,1,24/03/2026
Turdera,2,1,0,1,24/03/2026
Villa Albertina,7,4,0,3,24/03/2026
Villa Centenario,3,3,0,0,24/03/2026
Villa Fiorito,6,5,0,1,24/03/2026
Villa Lamadrid,3,2,0,1,24/03/2026
Banfield,6,5,0,1,25/03/2026
Higiene Urbana,10,7,0,3,25/03/2026
Ingeniero Budge,5,4,0,1,25/03/2026
Llavallol,7,4,0,3,25/03/2026
Lomas,7,7,0,0,25/03/2026
Parque Baron,4,3,0,1,25/03/2026
San jose,8,5,0,3,25/03/2026
Santa Catalina,10,7,0,3,25/03/2026
Santa Marta,3,2,0,1,25/03/2026
Secretaria Serv. Publicos,10,8,1,1,25/03/2026
Subse Servicios Urbanos,9,5,0,4,25/03/2026
Temperley,7,6,0,1,25/03/2026
Turdera,2,1,0,1,25/03/2026
Villa Albertina,7,4,0,3,25/03/2026
Villa Centenario,3,3,0,0,25/03/2026
Villa Fiorito,6,4,0,2,25/03/2026
Villa Lamadrid,3,1,1,1,25/03/2026
Banfield,6,5,0,1,26/03/2026
Higiene Urbana,10,7,0,3,26/03/2026
Ingeniero Budge,5,4,0,1,26/03/2026
Llavallol,7,4,0,3,26/03/2026
Lomas,7,7,2,0,26/03/2026
Parque Baron,4,3,0,1,26/03/2026
San jose,8,5,0,3,26/03/2026
Santa Catalina,10,7,0,3,26/03/2026
Santa Marta,3,3,0,0,26/03/2026
Secretaria Serv. Publicos,10,5,0,5,26/03/2026
Subse Servicios Urbanos,9,5,0,4,26/03/2026
Temperley,7,6,0,1,26/03/2026
Turdera,2,1,0,1,26/03/2026
Villa Albertina,7,4,0,3,26/03/2026
Villa Centenario,3,3,0,0,26/03/2026
Villa Fiorito,6,5,0,1,26/03/2026
Villa Lamadrid,3,2,0,1,26/03/2026
Banfield,6,6,0,0,29/03/2026
Higiene Urbana,10,8,0,2,29/03/2026
Ingeniero Budge,5,4,0,1,29/03/2026
Llavallol,7,4,0,3,29/03/2026
Lomas,7,7,0,0,29/03/2026
Parque Baron,4,3,0,1,29/03/2026
San jose,8,4,0,4,29/03/2026
Santa Catalina,10,7,0,3,29/03/2026
Santa Marta,3,2,0,1,29/03/2026
Secretaria Serv. Publicos,10,5,4,1,29/03/2026
Subse Servicios Urbanos,9,3,0,6,29/03/2026
Temperley,7,6,0,1,29/03/2026
Turdera,2,2,0,0,29/03/2026
Villa Albertina,7,4,0,3,29/03/2026
Villa Centenario,3,3,0,0,29/03/2026
Villa Fiorito,6,4,0,2,29/03/2026
Villa Lamadrid,3,2,0,1,29/03/2026
Banfield,6,5,0,1,30/03/2026
Higiene Urbana,10,8,0,2,30/03/2026
Ingeniero Budge,5,4,0,1,30/03/2026
Llavallol,7,4,0,3,30/03/2026
Lomas,7,7,0,0,30/03/2026
Parque Baron,4,3,0,1,30/03/2026
San jose,8,4,1,3,30/03/2026
Santa Catalina,10,6,0,4,30/03/2026
Santa Marta,3,2,1,0,30/03/2026
Secretaria Serv. Publicos,10,5,4,1,30/03/2026
Subse Servicios Urbanos,9,3,2,4,30/03/2026
Temperley,7,6,0,1,30/03/2026
Turdera,2,2,0,0,30/03/2026
Villa Albertina,7,4,0,3,30/03/2026
Villa Centenario,3,3,0,0,30/03/2026
Villa Fiorito,6,4,1,1,30/03/2026
Villa Lamadrid,3,2,0,1,30/03/2026
Banfield,6,5,0,1,31/03/2026
Higiene Urbana,10,10,0,0,31/03/2026
Ingeniero Budge,5,4,0,1,31/03/2026
Llavallol,7,5,0,2,31/03/2026
Lomas,7,4,1,2,31/03/2026
Parque Baron,4,3,0,1,31/03/2026
San jose,8,6,0,2,31/03/2026
Santa Catalina,10,6,0,4,31/03/2026
Santa Marta,3,3,0,0,31/03/2026
Secretaria Serv. Publicos,10,9,0,1,31/03/2026
Subse Servicios Urbanos,9,2,1,6,31/03/2026
Temperley,7,6,0,1,31/03/2026
Turdera,2,2,0,0,31/03/2026
Villa Albertina,7,5,0,2,31/03/2026
Villa Centenario,3,2,1,0,31/03/2026
Villa Fiorito,6,5,1,1,31/03/2026
Villa Lamadrid,3,2,0,1,31/03/2026
Banfield,6,5,0,1,05/04/2026
Higiene Urbana,9,0,1,8,05/04/2026
Ingeniero Budge,5,3,1,1,05/04/2026
Llavallol,7,5,0,2,05/04/2026
Lomas,10,7,0,3,05/04/2026
Parque Baron,4,2,1,1,05/04/2026
San jose,8,5,0,3,05/04/2026
Santa Catalina,10,4,2,4,05/04/2026
Santa Marta,3,3,0,0,05/04/2026
Secretaria Serv. Publicos,6,4,0,2,05/04/2026
Subse Servicios Urbanos,11,4,1,6,05/04/2026
Temperley,7,6,0,1,05/04/2026
Turdera,2,2,0,0,05/04/2026
Villa Albertina,7,3,0,4,05/04/2026
Villa Centenario,4,3,0,1,05/04/2026
Villa Fiorito,6,5,0,1,05/04/2026
Villa Lamadrid,3,1,1,1,05/04/2026
Banfield,6,5,0,1,06/04/2026
Higiene Urbana,9,7,0,2,06/04/2026
Ingeniero Budge,5,3,1,1,06/04/2026
Llavallol,7,5,0,2,06/04/2026
Lomas,10,7,0,3,06/04/2026
Parque Baron,4,2,1,1,06/04/2026
San jose,8,5,0,3,06/04/2026
Santa Catalina,10,6,0,4,06/04/2026
Santa Marta,3,3,0,0,06/04/2026
Secretaria Serv. Publicos,6,5,0,1,06/04/2026
Subse Servicios Urbanos,11,5,0,6,06/04/2026
Temperley,7,6,0,1,06/04/2026
Turdera,2,2,0,0,06/04/2026
Villa Albertina,7,3,0,4,06/04/2026
Villa Centenario,4,3,0,1,06/04/2026
Villa Fiorito,6,4,0,2,06/04/2026
Villa Lamadrid,3,2,0,1,06/04/2026
Banfield,6,5,0,1,07/04/2026
Higiene Urbana,9,8,0,1,07/04/2026
Ingeniero Budge,5,3,1,1,07/04/2026
Llavallol,7,5,0,2,07/04/2026
Lomas,10,7,0,3,07/04/2026
Parque Baron,4,3,0,1,07/04/2026
San jose,8,5,0,3,07/04/2026
Santa Catalina,10,6,1,3,07/04/2026
Santa Marta,3,3,0,0,07/04/2026
Secretaria Serv. Publicos,6,5,0,1,07/04/2026
Subse Servicios Urbanos,11,6,0,5,07/04/2026
Temperley,7,6,0,1,07/04/2026
Turdera,2,2,0,0,07/04/2026
Villa Albertina,7,2,2,3,07/04/2026
Villa Centenario,4,4,0,0,07/04/2026
Villa Fiorito,6,4,0,2,07/04/2026
Villa Lamadrid,3,1,1,1,07/04/2026
Banfield,6,4,0,2,08/04/2026
Higiene Urbana,9,8,0,1,08/04/2026
Ingeniero Budge,5,3,1,1,08/04/2026
Llavallol,7,5,0,2,08/04/2026
Lomas,10,8,0,2,08/04/2026
Parque Baron,4,3,0,1,08/04/2026
San jose,8,4,0,4,08/04/2026
Santa Catalina,10,6,0,4,08/04/2026
Santa Marta,3,3,0,0,08/04/2026
Secretaria Serv. Publicos,6,5,0,1,08/04/2026
Subse Servicios Urbanos,11,6,0,5,08/04/2026
Temperley,7,7,0,0,08/04/2026
Turdera,2,2,0,0,08/04/2026
Villa Albertina,7,6,0,1,08/04/2026
Villa Centenario,4,4,0,0,08/04/2026
Villa Fiorito,6,3,1,2,08/04/2026
Villa Lamadrid,3,1,0,2,08/04/2026
Banfield,6,4,0,2,09/04/2026
Higiene Urbana,9,7,1,1,09/04/2026
Ingeniero Budge,5,4,0,1,09/04/2026
Llavallol,7,5,0,2,09/04/2026
Lomas,10,7,1,2,09/04/2026
Parque Baron,4,3,0,1,09/04/2026
San jose,8,6,0,2,09/04/2026
Santa Catalina,10,5,1,4,09/04/2026
Santa Marta,3,2,1,0,09/04/2026
Secretaria Serv. Publicos,6,4,1,1,09/04/2026
Subse Servicios Urbanos,11,7,0,4,09/04/2026
Temperley,7,6,0,1,09/04/2026
Turdera,2,2,0,0,09/04/2026
Villa Albertina,7,4,0,3,09/04/2026
Villa Centenario,4,4,0,0,09/04/2026
Villa Fiorito,6,4,0,2,09/04/2026
Villa Lamadrid,3,0,1,2,09/04/2026
Banfield,6,3,1,2,12/04/2026
Higiene Urbana,9,7,0,2,12/04/2026
Ingeniero Budge,5,4,0,1,12/04/2026
Llavallol,7,5,0,2,12/04/2026
Lomas,10,7,1,2,12/04/2026
Parque Baron,4,2,1,1,12/04/2026
San jose,8,6,0,2,12/04/2026
Santa Catalina,10,5,0,5,12/04/2026
Santa Marta,3,2,1,0,12/04/2026
Secretaria Serv. Publicos,6,5,0,1,12/04/2026
Subse Servicios Urbanos,11,5,1,5,12/04/2026
Temperley,7,6,0,1,12/04/2026
Turdera,2,2,0,0,12/04/2026
Villa Albertina,7,4,0,3,12/04/2026
Villa Centenario,4,4,0,0,12/04/2026
Villa Fiorito,6,3,0,3,12/04/2026
Villa Lamadrid,3,0,1,2,12/04/2026
Banfield,6,5,0,1,13/04/2026
Higiene Urbana,9,5,1,3,13/04/2026
Ingeniero Budge,5,4,0,1,13/04/2026
Llavallol,7,5,0,2,13/04/2026
Lomas,10,6,1,3,13/04/2026
Parque Baron,4,4,0,0,13/04/2026
San jose,8,5,1,2,13/04/2026
Santa Catalina,10,6,0,4,13/04/2026
Santa Marta,3,3,0,0,13/04/2026
Secretaria Serv. Publicos,6,5,0,1,13/04/2026
Subse Servicios Urbanos,11,5,1,5,13/04/2026
Temperley,7,6,0,1,13/04/2026
Turdera,2,2,0,0,13/04/2026
Villa Albertina,7,4,0,3,13/04/2026
Villa Centenario,4,4,0,0,13/04/2026
Villa Fiorito,6,3,1,2,13/04/2026
Villa Lamadrid,3,1,0,2,13/04/2026
Banfield,6,5,0,1,14/04/2026
Higiene Urbana,9,2,3,4,14/04/2026
Ingeniero Budge,5,4,0,1,14/04/2026
Llavallol,7,5,0,2,14/04/2026
Lomas,10,6,1,3,14/04/2026
Parque Baron,4,3,1,0,14/04/2026
San jose,8,6,0,2,14/04/2026
Santa Catalina,10,7,0,3,14/04/2026
Santa Marta,3,2,1,0,14/04/2026
Secretaria Serv. Publicos,6,5,0,1,14/04/2026
Subse Servicios Urbanos,11,5,0,6,14/04/2026
Temperley,7,6,0,1,14/04/2026
Turdera,2,2,0,0,14/04/2026
Villa Albertina,7,4,0,3,14/04/2026
Villa Centenario,4,4,0,0,14/04/2026
Villa Fiorito,6,4,0,2,14/04/2026
Villa Lamadrid,3,1,0,2,14/04/2026
Banfield,6,5,0,1,15/04/2026
Higiene Urbana,9,4,1,4,15/04/2026
Ingeniero Budge,5,4,0,1,15/04/2026
Llavallol,7,5,0,2,15/04/2026
Lomas,10,4,3,3,15/04/2026
Parque Baron,4,4,0,0,15/04/2026
San jose,8,6,0,2,15/04/2026
Santa Catalina,10,5,2,3,15/04/2026
Santa Marta,3,2,0,1,15/04/2026
Secretaria Serv. Publicos,6,5,0,1,15/04/2026
Subse Servicios Urbanos,11,5,0,6,15/04/2026
Temperley,7,6,0,1,15/04/2026
Turdera,2,2,0,0,15/04/2026
Villa Albertina,7,3,2,2,15/04/2026
Villa Centenario,4,4,0,0,15/04/2026
Villa Fiorito,6,3,1,2,15/04/2026
Villa Lamadrid,3,1,0,2,15/04/2026
Banfield,6,5,0,1,16/04/2026
Higiene Urbana,9,3,1,5,16/04/2026
Ingeniero Budge,5,4,0,1,16/04/2026
Llavallol,7,5,1,1,16/04/2026
Lomas,10,6,1,3,16/04/2026
Parque Baron,4,4,0,0,16/04/2026
San jose,8,6,0,2,16/04/2026
Santa Catalina,10,6,0,4,16/04/2026
Santa Marta,3,2,0,1,16/04/2026
Secretaria Serv. Publicos,6,4,1,1,16/04/2026
Subse Servicios Urbanos,11,6,0,5,16/04/2026
Temperley,7,6,0,1,16/04/2026
Turdera,2,2,0,0,16/04/2026
Villa Albertina,7,3,2,2,16/04/2026
Villa Centenario,4,4,0,0,16/04/2026
Villa Fiorito,6,4,0,2,16/04/2026
Villa Lamadrid,3,1,0,2,16/04/2026
Banfield,6,5,0,1,19/04/2026
Higiene Urbana,9,4,1,4,19/04/2026
Ingeniero Budge,5,4,0,1,19/04/2026
Llavallol,7,5,0,2,19/04/2026
Lomas,10,6,1,3,19/04/2026
Parque Baron,4,2,2,0,19/04/2026
San jose,8,6,0,2,19/04/2026
Santa Catalina,10,5,2,3,19/04/2026
Santa Marta,3,1,1,1,19/04/2026
Secretaria Serv. Publicos,6,5,0,1,19/04/2026
Subse Servicios Urbanos,11,6,0,5,19/04/2026
Temperley,7,6,0,1,19/04/2026
Turdera,2,2,0,0,19/04/2026
Villa Albertina,7,4,1,2,19/04/2026
Villa Centenario,4,4,0,0,19/04/2026
Villa Fiorito,6,4,0,2,19/04/2026
Villa Lamadrid,3,1,0,2,19/04/2026
Banfield,6,5,0,1,20/04/2026
Higiene Urbana,10,5,2,3,20/04/2026
Ingeniero Budge,5,4,0,1,20/04/2026
Llavallol,7,5,0,2,20/04/2026
Lomas,10,6,1,3,20/04/2026
Parque Baron,4,1,0,3,20/04/2026
San jose,8,8,0,0,20/04/2026
Santa Catalina,10,6,0,4,20/04/2026
Santa Marta,3,3,0,0,20/04/2026
Secretaria Serv. Publicos,6,5,0,1,20/04/2026
Subse Servicios Urbanos,10,5,0,6,20/04/2026
Temperley,7,6,0,1,20/04/2026
Turdera,2,2,0,0,20/04/2026
Villa Albertina,6,4,1,2,20/04/2026
Villa Centenario,4,2,2,0,20/04/2026
Villa Fiorito,6,4,0,2,20/04/2026
Villa Lamadrid,3,1,0,2,20/04/2026
Ecopunto,3,1,0,2,20/04/2026
Banfield,6,5,0,1,21/04/2026
Higiene Urbana,10,5,1,4,21/04/2026
Ingeniero Budge,5,4,0,1,21/04/2026
Llavallol,7,5,0,2,21/04/2026
Lomas,10,6,1,3,21/04/2026
Parque Baron,4,3,1,0,21/04/2026
San jose,8,5,0,3,21/04/2026
Santa Catalina,10,7,0,3,21/04/2026
Santa Marta,3,3,0,0,21/04/2026
Secretaria Serv. Publicos,6,5,0,1,21/04/2026
Subse Servicios Urbanos,10,6,0,4,21/04/2026
Temperley,7,6,0,1,21/04/2026
Turdera,2,2,0,0,21/04/2026
Villa Albertina,6,3,1,2,21/04/2026
Villa Centenario,4,3,1,0,21/04/2026
Villa Fiorito,6,5,0,1,21/04/2026
Villa Lamadrid,3,1,0,2,21/04/2026
Ecopunto,3,1,0,2,21/04/2026
Banfield,6,5,0,1,22/04/2026
Higiene Urbana,10,4,2,4,22/04/2026
Ingeniero Budge,5,4,0,1,22/04/2026
Llavallol,7,5,0,2,22/04/2026
Lomas,10,6,1,3,22/04/2026
Parque Baron,4,3,1,0,22/04/2026
San jose,8,5,0,3,22/04/2026
Santa Catalina,10,7,0,3,22/04/2026
Santa Marta,3,3,0,0,22/04/2026
Secretaria Serv. Publicos,6,6,0,0,22/04/2026
Subse Servicios Urbanos,10,6,0,4,22/04/2026
Temperley,7,6,0,1,22/04/2026
Turdera,2,2,0,0,22/04/2026
Villa Albertina,6,3,1,2,22/04/2026
Villa Centenario,4,4,0,0,22/04/2026
Villa Fiorito,6,4,0,2,22/04/2026
Villa Lamadrid,3,0,0,3,22/04/2026
Ecopunto,3,1,0,2,22/04/2026
Banfield,6,5,0,1,23/04/2026
Higiene Urbana,10,9,0,1,23/04/2026
Ingeniero Budge,5,5,0,0,23/04/2026
Llavallol,7,5,0,2,23/04/2026
Lomas,10,6,1,3,23/04/2026
Parque Baron,4,4,0,0,23/04/2026
San jose,8,6,0,2,23/04/2026
Santa Catalina,10,6,1,3,23/04/2026
Santa Marta,3,3,0,0,23/04/2026
Subse Servicios Urbanos,10,6,0,4,23/04/2026
Temperley,7,5,0,2,23/04/2026
Turdera,2,2,0,0,23/04/2026
Villa Albertina,6,3,1,2,23/04/2026
Villa Centenario,4,4,0,0,23/04/2026
Villa Fiorito,6,4,1,1,23/04/2026
Villa Lamadrid,3,0,0,3,23/04/2026
Ecopunto,3,1,0,2,23/04/2026
Banfield,6,6,0,0,26/04/2026
Higiene Urbana,10,5,0,5,26/04/2026
Ingeniero Budge,5,5,0,0,26/04/2026
Llavallol,7,6,0,1,26/04/2026
Lomas,10,6,1,3,26/04/2026
Parque Baron,4,4,0,0,26/04/2026
San jose,8,6,0,2,26/04/2026
Santa Catalina,10,5,2,3,26/04/2026
Santa Marta,3,3,0,0,26/04/2026
Subse Servicios Urbanos,10,6,1,3,26/04/2026
Temperley,7,7,0,0,26/04/2026
Turdera,2,2,0,0,26/04/2026
Villa Albertina,6,3,0,3,26/04/2026
Villa Centenario,4,3,0,1,26/04/2026
Villa Fiorito,6,5,0,1,26/04/2026
Villa Lamadrid,3,1,0,2,26/04/2026
Ecopunto,3,1,0,2,26/04/2026
Banfield,6,5,0,1,27/04/2026
Higiene Urbana,10,5,0,5,27/04/2026
Ingeniero Budge,5,5,0,0,27/04/2026
Llavallol,7,6,0,1,27/04/2026
Lomas,10,6,1,3,27/04/2026
Parque Baron,4,3,0,1,27/04/2026
San jose,8,6,0,2,27/04/2026
Santa Catalina,10,5,1,4,27/04/2026
Santa Marta,3,3,0,0,27/04/2026
Subse Servicios Urbanos,10,6,1,3,27/04/2026
Temperley,7,6,0,1,27/04/2026
Turdera,2,2,0,0,27/04/2026
Villa Albertina,6,3,0,3,27/04/2026
Villa Centenario,4,4,0,0,27/04/2026
Villa Fiorito,6,5,0,1,27/04/2026
Villa Lamadrid,3,1,0,2,27/04/2026
Ecopunto,3,1,0,2,27/04/2026
Banfield,6,5,0,1,28/04/2026
Higiene Urbana,10,3,1,6,28/04/2026
Ingeniero Budge,5,5,0,0,28/04/2026
Llavallol,7,6,0,1,28/04/2026
Lomas,10,6,1,3,28/04/2026
Parque Baron,4,3,0,1,28/04/2026
San jose,8,6,0,2,28/04/2026
Santa Catalina,10,5,1,4,28/04/2026
Santa Marta,3,3,0,0,28/04/2026
Subse Servicios Urbanos,10,7,0,3,28/04/2026
Temperley,7,6,0,1,28/04/2026
Turdera,2,2,0,0,28/04/2026
Villa Albertina,6,3,0,3,28/04/2026
Villa Centenario,4,4,0,0,28/04/2026
Villa Fiorito,6,5,0,1,28/04/2026
Villa Lamadrid,3,1,0,2,28/04/2026
Ecopunto,3,1,0,2,28/04/2026
Banfield,6,5,0,1,29/04/2026
DM Corte de Pasto,6,0,0,6,29/04/2026
DM Ecopunto,3,1,0,2,29/04/2026
DM Gestion de Plazas,2,2,0,0,29/04/2026
DM Mant. Hidrico,3,3,0,0,29/04/2026
Ingeniero Budge,5,4,1,0,29/04/2026
Llavallol,7,6,0,1,29/04/2026
Lomas,10,6,1,3,29/04/2026
Parque Baron,4,1,1,2,29/04/2026
San jose,8,8,0,0,29/04/2026
Santa Catalina,10,6,0,4,29/04/2026
Santa Marta,3,3,0,0,29/04/2026
Secretaria ,1,1,0,1,29/04/2026
Subse Servicios Urbanos,11,7,1,3,29/04/2026
Subse Ambiente,6,5,0,1,29/04/2026
Subse Cambio Climatico,10,10,0,0,29/04/2026
Temperley,7,6,0,1,29/04/2026
Turdera,2,2,0,0,29/04/2026
Villa Albertina,6,3,0,3,29/04/2026
Villa Centenario,4,4,0,0,29/04/2026
Villa Fiorito,6,5,0,1,29/04/2026
Villa Lamadrid,4,2,0,2,29/04/2026
Banfield,6,4,0,2,03/05/2026
DM Corte de Pasto,6,6,0,0,03/05/2026
DM Ecopunto,3,1,0,2,03/05/2026
DM Gestion de Plazas,2,2,0,0,03/05/2026
DM Mant. Hidrico,3,3,0,0,03/05/2026
Ingeniero Budge,5,5,0,0,03/05/2026
Llavallol,7,6,0,1,03/05/2026
Lomas,10,6,1,3,03/05/2026
Parque Baron,4,3,1,0,03/05/2026
San jose,8,6,0,2,03/05/2026
Santa Catalina,10,7,0,3,03/05/2026
Santa Marta,3,2,1,0,03/05/2026
Secretaria ,1,0,0,1,03/05/2026
Subse Servicios Urbanos,11,4,1,6,03/05/2026
Subse Ambiente,6,3,0,3,03/05/2026
Subse Cambio Climatico,10,4,0,6,03/05/2026
Temperley,7,6,0,1,03/05/2026
Turdera,2,2,0,0,03/05/2026
Villa Albertina,6,3,0,3,03/05/2026
Villa Centenario,4,4,0,0,03/05/2026
Villa Fiorito,6,5,0,1,03/05/2026
Villa Lamadrid,4,1,0,3,03/05/2026
Banfield,6,5,0,1,04/05/2026
DM Corte de Pasto,6,6,0,0,04/05/2026
DM Ecopunto,3,1,0,2,04/05/2026
DM Gestion de Plazas,2,2,0,0,04/05/2026
DM Mant. Hidrico,3,3,0,0,04/05/2026
Ingeniero Budge,5,3,2,0,04/05/2026
Llavallol,7,5,0,2,04/05/2026
Lomas,10,6,1,3,04/05/2026
Parque Baron,4,3,0,1,04/05/2026
San jose,8,6,0,2,04/05/2026
Santa Catalina,10,8,0,2,04/05/2026
Santa Marta,3,2,1,0,04/05/2026
Secretaria ,1,0,0,1,04/05/2026
Subse Servicios Urbanos,11,6,0,5,04/05/2026
Subse Ambiente,6,5,1,0,04/05/2026
Subse Cambio Climatico,10,4,0,6,04/05/2026
Temperley,7,6,0,1,04/05/2026
Turdera,2,2,0,0,04/05/2026
Villa Albertina,6,3,0,3,04/05/2026
Villa Centenario,4,4,0,0,04/05/2026
Villa Fiorito,6,5,0,1,04/05/2026
Villa Lamadrid,4,1,0,3,04/05/2026
Banfield,6,5,0,1,05/05/2026
DM Corte de Pasto,1,1,0,0,05/05/2026
DM Ecopunto,3,1,0,2,05/05/2026
DM Gestion de Plazas,2,2,0,0,05/05/2026
DM Mant. Hidrico,3,3,0,0,05/05/2026
Ingeniero Budge,5,5,0,0,05/05/2026
Llavallol,7,5,0,2,05/05/2026
Lomas,10,6,1,3,05/05/2026
Parque Baron,4,3,0,1,05/05/2026
San jose,8,6,0,2,05/05/2026
Santa Catalina,10,6,1,3,05/05/2026
Santa Marta,3,3,0,0,05/05/2026
Secretaria ,1,0,0,1,05/05/2026
Subse Servicios Urbanos,11,7,0,4,05/05/2026
Subse Ambiente,3,2,0,1,05/05/2026
Subse Cambio Climatico,10,4,0,6,05/05/2026
Temperley,7,6,0,1,05/05/2026
Turdera,2,2,0,0,05/05/2026
Villa Albertina,6,3,0,3,05/05/2026
Villa Centenario,4,4,0,0,05/05/2026
Villa Fiorito,6,5,0,1,05/05/2026
Villa Lamadrid,4,1,0,3,05/05/2026
Banfield,6,6,0,0,06/05/2026
DM Corte de Pasto,1,1,0,0,06/05/2026
DM Ecopunto,3,1,0,2,06/05/2026
DM Gestion de Plazas,2,2,0,0,06/05/2026
DM Mant. Hidrico,3,3,0,0,06/05/2026
Ingeniero Budge,5,5,0,0,06/05/2026
Llavallol,7,5,0,2,06/05/2026
Lomas,10,6,1,3,06/05/2026
Parque Baron,4,4,0,0,06/05/2026
San jose,8,5,0,3,06/05/2026
Santa Catalina,10,6,1,3,06/05/2026
Santa Marta,3,3,0,0,06/05/2026
Secretaria ,1,0,0,1,06/05/2026
Subse Servicios Urbanos,11,7,0,4,06/05/2026
Subse Ambiente,3,2,0,1,06/05/2026
Subse Cambio Climatico,10,4,1,5,06/05/2026
Temperley,7,6,0,1,06/05/2026
Turdera,2,2,0,0,06/05/2026
Villa Albertina,6,2,1,3,06/05/2026
Villa Centenario,4,4,0,0,06/05/2026
Villa Fiorito,6,4,0,2,06/05/2026
Villa Lamadrid,4,1,0,3,06/05/2026
Banfield,6,6,0,0,07/05/2026
DM Corte de Pasto,1,1,0,0,07/05/2026
DM Ecopunto,3,1,0,2,07/05/2026
DM Gestion de Plazas,2,2,0,0,07/05/2026
DM Mant. Hidrico,3,3,0,0,07/05/2026
Ingeniero Budge,5,5,0,0,07/05/2026
Llavallol,7,5,0,2,07/05/2026
Lomas,10,7,0,3,07/05/2026
Parque Baron,4,3,0,1,07/05/2026
San jose,8,5,0,3,07/05/2026
Santa Catalina,10,5,2,3,07/05/2026
Santa Marta,3,3,0,0,07/05/2026
Secretaria ,1,0,0,1,07/05/2026
Subse Servicios Urbanos,11,7,0,4,07/05/2026
Subse Ambiente,3,2,0,1,07/05/2026
Subse Cambio Climatico,10,5,0,5,07/05/2026
Temperley,7,6,0,1,07/05/2026
Turdera,2,2,0,0,07/05/2026
Villa Albertina,6,2,1,3,07/05/2026
Villa Centenario,4,4,0,0,07/05/2026
Villa Fiorito,6,4,0,2,07/05/2026
Villa Lamadrid,4,1,0,3,07/05/2026
Banfield,6,6,0,0,10/05/2026
DM Corte de Pasto,1,1,0,0,10/05/2026
DM Ecopunto,3,1,0,2,10/05/2026
DM Gestion de Plazas,2,2,0,0,10/05/2026
DM Mant. Hidrico,3,3,0,0,10/05/2026
Ingeniero Budge,5,5,0,0,10/05/2026
Llavallol,7,5,0,2,10/05/2026
Lomas,10,6,1,3,10/05/2026
Parque Baron,4,3,1,0,10/05/2026
San jose,8,4,0,4,10/05/2026
Santa Catalina,10,5,0,5,10/05/2026
Santa Marta,3,2,1,0,10/05/2026
Secretaria ,1,0,0,1,10/05/2026
Subse Servicios Urbanos,11,7,0,4,10/05/2026
Subse Ambiente,3,2,0,1,10/05/2026
Subse Cambio Climatico,10,4,1,5,10/05/2026
Temperley,7,6,0,1,10/05/2026
Turdera,2,2,0,0,10/05/2026
Villa Albertina,6,3,0,3,10/05/2026
Villa Centenario,4,4,0,0,10/05/2026
Villa Fiorito,6,4,0,2,10/05/2026
Villa Lamadrid,4,1,0,3,10/05/2026
Banfield,6,6,0,0,11/05/2026
DM Corte de Pasto,1,0,1,0,11/05/2026
DM Ecopunto,3,1,0,2,11/05/2026
DM Gestion de Plazas,2,2,0,0,11/05/2026
DM Mant. Hidrico,3,3,0,0,11/05/2026
Ingeniero Budge,5,4,1,0,11/05/2026
Llavallol,7,6,0,1,11/05/2026
Lomas,10,6,1,3,11/05/2026
Parque Baron,4,4,0,0,11/05/2026
San jose,8,4,0,4,11/05/2026
Santa Catalina,10,6,0,4,11/05/2026
Santa Marta,3,3,0,0,11/05/2026
Secretaria ,1,0,0,1,11/05/2026
Subse Servicios Urbanos,11,7,0,4,11/05/2026
Subse Ambiente,3,2,0,1,11/05/2026
Subse Cambio Climatico,10,5,0,5,11/05/2026
Temperley,7,6,0,1,11/05/2026
Turdera,2,2,0,0,11/05/2026
Villa Albertina,6,3,0,3,11/05/2026
Villa Centenario,4,4,0,0,11/05/2026
Villa Fiorito,6,4,0,2,11/05/2026
Villa Lamadrid,4,1,0,3,11/05/2026
Banfield,6,6,0,0,12/05/2026
DM Corte de Pasto,1,0,1,0,12/05/2026
DM Ecopunto,3,1,0,2,12/05/2026
DM Gestion de Plazas,2,2,0,0,12/05/2026
DM Mant. Hidrico,3,3,0,0,12/05/2026
Ingeniero Budge,5,5,0,0,12/05/2026
Llavallol,7,6,0,1,12/05/2026
Lomas,10,6,1,3,12/05/2026
Parque Baron,4,3,1,0,12/05/2026
San jose,8,4,0,4,12/05/2026
Santa Catalina,10,6,1,3,12/05/2026
Santa Marta,3,2,0,1,12/05/2026
Secretaria ,1,0,0,1,12/05/2026
Subse Servicios Urbanos,11,7,0,4,12/05/2026
Subse Ambiente,3,2,0,1,12/05/2026
Subse Cambio Climatico,10,5,0,5,12/05/2026
Temperley,7,6,0,1,12/05/2026
Turdera,2,2,0,0,12/05/2026
Villa Albertina,6,3,0,3,12/05/2026
Villa Centenario,4,4,0,0,12/05/2026
Villa Fiorito,6,2,1,3,12/05/2026
Villa Lamadrid,4,0,1,3,12/05/2026
Banfield,6,6,0,0,13/05/2026
DM Corte de Pasto,1,1,0,0,13/05/2026
DM Ecopunto,3,1,0,2,13/05/2026
DM Gestion de Plazas,2,2,0,0,13/05/2026
DM Mant. Hidrico,3,3,0,0,13/05/2026
Ingeniero Budge,5,4,1,0,13/05/2026
Llavallol,7,6,0,1,13/05/2026
Lomas,10,6,1,3,13/05/2026
Parque Baron,4,4,0,0,13/05/2026
San jose,8,5,0,3,13/05/2026
Santa Catalina,10,6,0,4,13/05/2026
Santa Marta,3,2,0,1,13/05/2026
Secretaria ,1,0,0,1,13/05/2026
Subse Servicios Urbanos,11,7,0,4,13/05/2026
Subse Ambiente,3,2,0,1,13/05/2026
Subse Cambio Climatico,10,5,0,5,13/05/2026
Temperley,7,6,0,1,13/05/2026
Turdera,2,2,0,0,13/05/2026
Villa Albertina,6,3,0,3,13/05/2026
Villa Centenario,4,3,0,1,13/05/2026
Villa Fiorito,6,3,0,3,13/05/2026
Villa Lamadrid,4,2,0,2,13/05/2026
Banfield,6,6,0,0,14/05/2026
DM Corte de Pasto,1,1,0,0,14/05/2026
DM Ecopunto,3,1,0,2,14/05/2026
DM Gestion de Plazas,2,2,0,0,14/05/2026
DM Mant. Hidrico,3,3,0,0,14/05/2026
Ingeniero Budge,5,5,0,0,14/05/2026
Llavallol,7,6,0,1,14/05/2026
Lomas,10,6,1,3,14/05/2026
Parque Baron,4,4,0,0,14/05/2026
San jose,8,5,0,3,14/05/2026
Santa Catalina,10,6,0,4,14/05/2026
Santa Marta,3,3,0,0,14/05/2026
Secretaria ,1,1,0,0,14/05/2026
Subse Servicios Urbanos,11,7,0,4,14/05/2026
Subse Ambiente,3,2,0,1,14/05/2026
Subse Cambio Climatico,10,6,0,4,14/05/2026
Temperley,7,5,1,1,14/05/2026
Turdera,2,2,0,0,14/05/2026
Villa Albertina,6,3,0,3,14/05/2026
Villa Centenario,4,3,0,1,14/05/2026
Villa Fiorito,6,3,0,3,14/05/2026
Villa Lamadrid,4,2,0,2,14/05/2026
Banfield,6,5,1,0,17/05/2026
DM Corte de Pasto,1,1,0,0,17/05/2026
DM Ecopunto,3,1,0,2,17/05/2026
DM Gestion de Plazas,2,1,1,0,17/05/2026
DM Mant. Hidrico,3,3,0,0,17/05/2026
Ingeniero Budge,5,5,0,0,17/05/2026
Llavallol,7,6,0,1,17/05/2026
Lomas,10,5,1,4,17/05/2026
Parque Baron,4,4,0,0,17/05/2026
San jose,8,5,1,2,17/05/2026
Santa Catalina,10,6,0,4,17/05/2026
Santa Marta,3,3,0,0,17/05/2026
Secretaria ,1,0,0,1,17/05/2026
Subse Servicios Urbanos,11,7,0,4,17/05/2026
Subse Ambiente,3,2,0,1,17/05/2026
Subse Cambio Climatico,10,5,0,5,17/05/2026
Temperley,7,5,1,1,17/05/2026
Turdera,2,2,0,0,17/05/2026
Villa Albertina,6,3,0,3,17/05/2026
Villa Centenario,4,3,0,1,17/05/2026
Villa Fiorito,6,2,0,4,17/05/2026
Villa Lamadrid,4,2,0,2,17/05/2026
Banfield,6,6,0,0,18/05/2026
DM Corte de Pasto,1,1,0,0,18/05/2026
DM Ecopunto,3,2,0,1,18/05/2026
DM Gestion de Plazas,2,1,1,0,18/05/2026
DM Mant. Hidrico,3,3,0,0,18/05/2026
Ingeniero Budge,5,5,0,0,18/05/2026
Llavallol,7,6,0,1,18/05/2026
Lomas,10,5,1,4,18/05/2026
Parque Baron,4,4,0,0,18/05/2026
San jose,8,5,0,3,18/05/2026
Santa Catalina,10,6,0,4,18/05/2026
Santa Marta,3,3,0,0,18/05/2026
Secretaria ,1,0,0,1,18/05/2026
Subse Servicios Urbanos,11,7,0,4,18/05/2026
Subse Ambiente,3,2,1,0,18/05/2026
Subse Cambio Climatico,10,5,0,5,18/05/2026
Temperley,7,6,0,1,18/05/2026
Turdera,2,2,0,0,18/05/2026
Villa Albertina,6,3,0,3,18/05/2026
Villa Centenario,4,3,0,1,18/05/2026
Villa Fiorito,6,2,0,4,18/05/2026
Villa Lamadrid,4,2,0,2,18/05/2026
Banfield,6,6,0,0,19/05/2026
DM Corte de Pasto,1,0,0,1,19/05/2026
DM Ecopunto,3,3,0,0,19/05/2026
DM Gestion de Plazas,2,1,1,0,19/05/2026
DM Mant. Hidrico,3,3,0,0,19/05/2026
Ingeniero Budge,5,5,0,0,19/05/2026
Llavallol,7,6,0,1,19/05/2026
Lomas,10,5,1,4,19/05/2026
Parque Baron,4,4,0,0,19/05/2026
San jose,8,4,0,4,19/05/2026
Santa Catalina,10,7,0,3,19/05/2026
Santa Marta,3,3,0,0,19/05/2026
Secretaria ,1,0,0,1,19/05/2026
Subse Servicios Urbanos,11,6,1,4,19/05/2026
Subse Ambiente,3,2,1,0,19/05/2026
Subse Cambio Climatico,10,5,0,5,19/05/2026
Temperley,7,6,0,1,19/05/2026
Turdera,2,2,0,0,19/05/2026
Villa Albertina,6,3,0,3,19/05/2026
Villa Centenario,4,3,0,1,19/05/2026
Villa Fiorito,6,3,0,3,19/05/2026
Villa Lamadrid,4,2,0,2,19/05/2026
Banfield,6,6,0,0,20/05/2026
DM Corte de Pasto,1,1,0,0,20/05/2026
DM Ecopunto,3,2,0,1,20/05/2026
DM Gestion de Plazas,2,2,0,0,20/05/2026
DM Mant. Hidrico,3,3,0,0,20/05/2026
Ingeniero Budge,5,5,0,0,20/05/2026
Llavallol,7,6,0,1,20/05/2026
Lomas,10,5,1,4,20/05/2026
Parque Baron,4,4,0,0,20/05/2026
San jose,8,4,0,4,20/05/2026
Santa Catalina,10,6,1,3,20/05/2026
Santa Marta,3,3,0,0,20/05/2026
Secretaria ,1,0,0,1,20/05/2026
Subse Servicios Urbanos,11,7,0,4,20/05/2026
Subse Ambiente,3,2,1,0,20/05/2026
Subse Cambio Climatico,10,5,0,5,20/05/2026
Temperley,7,6,0,1,20/05/2026
Turdera,2,2,0,0,20/05/2026
Villa Albertina,6,3,0,3,20/05/2026
Villa Centenario,4,3,0,1,20/05/2026
Villa Fiorito,6,3,0,3,20/05/2026
Villa Lamadrid,4,2,0,2,20/05/2026
Banfield,6,6,0,0,21/05/2026
DM Corte de Pasto,1,1,0,0,21/05/2026
DM Ecopunto,3,2,0,1,21/05/2026
DM Gestion de Plazas,2,2,0,0,21/05/2026
DM Mant. Hidrico,3,3,0,0,21/05/2026
Ingeniero Budge,5,5,0,0,21/05/2026
Llavallol,7,5,0,2,21/05/2026
Lomas,10,5,1,4,21/05/2026
Parque Baron,4,4,0,0,21/05/2026
San jose,8,5,0,3,21/05/2026
Santa Catalina,10,6,0,4,21/05/2026
Santa Marta,3,3,0,0,21/05/2026
Secretaria ,1,0,0,1,21/05/2026
Subse Servicios Urbanos,11,7,0,4,21/05/2026
Subse Ambiente,3,3,0,0,21/05/2026
Subse Cambio Climatico,10,5,0,5,21/05/2026
Temperley,7,6,0,1,21/05/2026
Turdera,2,2,0,0,21/05/2026
Villa Albertina,6,3,0,3,21/05/2026
Villa Centenario,4,3,0,1,21/05/2026
Villa Fiorito,6,3,0,3,21/05/2026
Villa Lamadrid,4,2,0,2,21/05/2026
Banfield,6,6,0,0,25/05/2026
DM Corte de Pasto,1,1,0,0,25/05/2026
DM Ecopunto,3,2,0,1,25/05/2026
DM Gestion de Plazas,2,2,0,0,25/05/2026
DM Mant. Hidrico,3,3,0,0,25/05/2026
Ingeniero Budge,5,5,0,0,25/05/2026
Llavallol,7,5,0,2,25/05/2026
Lomas,10,5,1,4,25/05/2026
Parque Baron,4,4,0,0,25/05/2026
San jose,8,5,0,3,25/05/2026
Santa Catalina,10,6,0,4,25/05/2026
Santa Marta,3,3,0,0,25/05/2026
Secretaria ,1,0,0,1,25/05/2026
Subse Servicios Urbanos,11,6,0,5,25/05/2026
Subse Ambiente,3,3,0,0,25/05/2026
Subse Cambio Climatico,10,5,0,5,25/05/2026
Temperley,7,6,0,1,25/05/2026
Turdera,2,2,0,0,25/05/2026
Villa Albertina,6,3,0,3,25/05/2026
Villa Centenario,4,3,0,1,25/05/2026
Villa Fiorito,6,4,0,2,25/05/2026
Villa Lamadrid,4,2,0,2,25/05/2026
Banfield,6,6,0,0,26/05/2026
DM Corte de Pasto,1,1,0,0,26/05/2026
DM Ecopunto,3,2,0,1,26/05/2026
DM Gestion de Plazas,2,2,0,0,26/05/2026
DM Mant. Hidrico,3,3,0,0,26/05/2026
Ingeniero Budge,5,4,1,0,26/05/2026
Llavallol,7,5,0,2,26/05/2026
Lomas,10,6,0,4,26/05/2026
Parque Baron,4,4,0,0,26/05/2026
San jose,8,5,0,3,26/05/2026
Santa Catalina,10,6,0,4,26/05/2026
Santa Marta,3,3,0,0,26/05/2026
Secretaria ,1,0,0,1,26/05/2026
Subse Servicios Urbanos,11,6,0,5,26/05/2026
Subse Ambiente,3,3,0,0,26/05/2026
Subse Cambio Climatico,10,4,1,5,26/05/2026
Temperley,7,6,0,1,26/05/2026
Turdera,2,2,0,0,26/05/2026
Villa Albertina,6,3,0,3,26/05/2026
Villa Centenario,4,3,0,1,26/05/2026
Villa Fiorito,6,4,0,2,26/05/2026
Villa Lamadrid,4,2,0,2,26/05/2026
Banfield,6,6,0,0,27/05/2026
DM Corte de Pasto,1,1,0,0,27/05/2026
DM Ecopunto,3,2,0,1,27/05/2026
DM Gestion de Plazas,2,2,0,0,27/05/2026
DM Mant. Hidrico,3,3,0,0,27/05/2026
Ingeniero Budge,5,5,0,0,27/05/2026
Llavallol,7,5,0,2,27/05/2026
Lomas,10,6,1,3,27/05/2026
Parque Baron,4,4,0,0,27/05/2026
San jose,8,5,0,3,27/05/2026
Santa Catalina,10,6,0,4,27/05/2026
Santa Marta,3,3,0,0,27/05/2026
Secretaria ,1,0,0,1,27/05/2026
Subse Servicios Urbanos,11,6,0,5,27/05/2026
Subse Ambiente,3,2,1,0,27/05/2026
Subse Cambio Climatico,10,7,0,3,27/05/2026
Temperley,7,6,0,1,27/05/2026
Turdera,2,2,0,0,27/05/2026
Villa Albertina,6,3,0,3,27/05/2026
Villa Centenario,4,3,0,1,27/05/2026
Villa Fiorito,6,4,0,2,27/05/2026
Villa Lamadrid,4,2,0,2,27/05/2026
Banfield,6,6,0,0,28/05/2026
DM Corte de Pasto,1,1,0,0,28/05/2026
DM Ecopunto,3,1,0,2,28/05/2026
DM Gestion de Plazas,2,2,0,0,28/05/2026
DM Mant. Hidrico,3,3,0,0,28/05/2026
Ingeniero Budge,5,5,0,0,28/05/2026
Llavallol,7,5,0,2,28/05/2026
Lomas,10,6,1,3,28/05/2026
Parque Baron,4,4,0,0,28/05/2026
San jose,8,5,1,2,28/05/2026
Santa Catalina,10,5,0,5,28/05/2026
Santa Marta,3,3,0,0,28/05/2026
Secretaria ,1,0,0,1,28/05/2026
Subse Servicios Urbanos,11,6,0,5,28/05/2026
Subse Ambiente,3,3,0,0,28/05/2026
Subse Cambio Climatico,10,6,0,4,28/05/2026
Temperley,7,6,0,1,28/05/2026
Turdera,2,2,0,0,28/05/2026
Villa Albertina,6,3,0,3,28/05/2026
Villa Centenario,4,3,0,1,28/05/2026
Villa Fiorito,6,4,0,2,28/05/2026
Villa Lamadrid,4,1,1,2,28/05/2026
Banfield,6,6,0,0,31/05/2026
DM Corte de Pasto,1,1,0,0,31/05/2026
DM Ecopunto,3,2,0,1,31/05/2026
DM Gestion de Plazas,2,2,0,0,31/05/2026
DM Mant. Hidrico,3,3,0,0,31/05/2026
Ingeniero Budge,5,4,1,0,31/05/2026
Llavallol,7,5,0,2,31/05/2026
Lomas,10,6,1,3,31/05/2026
Parque Baron,4,4,0,0,31/05/2026
San jose,8,5,0,3,31/05/2026
Santa Catalina,10,5,0,5,31/05/2026
Santa Marta,3,3,0,0,31/05/2026
Secretaria ,1,0,0,1,31/05/2026
Subse Servicios Urbanos,11,6,0,5,31/05/2026
Subse Ambiente,3,2,1,0,31/05/2026
Subse Cambio Climatico,10,5,1,4,31/05/2026
Temperley,7,6,0,1,31/05/2026
Turdera,2,2,0,0,31/05/2026
Villa Albertina,6,3,0,3,31/05/2026
Villa Centenario,4,3,0,1,31/05/2026
Villa Fiorito,6,4,0,2,31/05/2026
Villa Lamadrid,4,1,0,3,31/05/2026
Banfield,6,6,0,0,01/06/2026
DM Corte de Pasto,1,1,0,0,01/06/2026
DM Ecopunto,3,2,0,1,01/06/2026
DM Gestion de Plazas,2,2,0,0,01/06/2026
DM Mant. Hidrico,3,3,0,0,01/06/2026
Ingeniero Budge,5,5,0,0,01/06/2026
Llavallol,7,5,0,2,01/06/2026
Lomas,10,5,2,3,01/06/2026
Parque Baron,4,4,0,0,01/06/2026
San jose,8,6,0,2,01/06/2026
Santa Catalina,10,5,0,5,01/06/2026
Santa Marta,3,3,0,0,01/06/2026
Secretaria ,1,0,0,1,01/06/2026
Subse Servicios Urbanos,11,6,1,4,01/06/2026
Subse Ambiente,3,2,1,0,01/06/2026
Subse Cambio Climatico,10,6,0,4,01/06/2026
Temperley,7,5,1,1,01/06/2026
Turdera,2,2,0,0,01/06/2026
Villa Albertina,6,3,0,3,01/06/2026
Villa Centenario,4,3,0,1,01/06/2026
Villa Fiorito,6,4,0,2,01/06/2026
Villa Lamadrid,4,1,0,3,01/06/2026
Banfield,6,6,0,0,02/06/2026
DM Corte de Pasto,1,1,0,0,02/06/2026
DM Ecopunto,3,2,0,1,02/06/2026
DM Gestion de Plazas,2,2,0,0,02/06/2026
DM Mant. Hidrico,3,3,0,0,02/06/2026
Ingeniero Budge,5,4,1,0,02/06/2026
Llavallol,7,6,0,1,02/06/2026
Lomas,10,5,1,4,02/06/2026
Parque Baron,4,4,0,0,02/06/2026
San jose,8,6,0,2,02/06/2026
Santa Catalina,10,5,0,5,02/06/2026
Santa Marta,3,3,0,0,02/06/2026
Secretaria ,1,0,0,1,02/06/2026
Subse Servicios Urbanos,11,6,1,4,02/06/2026
Subse Ambiente,3,2,1,0,02/06/2026
Subse Cambio Climatico,10,5,0,5,02/06/2026
Temperley,7,7,0,0,02/06/2026
Turdera,2,2,0,0,02/06/2026
Villa Albertina,6,3,0,3,02/06/2026
Villa Centenario,4,3,0,1,02/06/2026
Villa Fiorito,6,4,0,2,02/06/2026
Villa Lamadrid,4,1,0,3,02/06/2026
Banfield,6,5,1,0,03/06/2026
DM Corte de Pasto,1,1,0,0,03/06/2026
DM Ecopunto,3,2,0,1,03/06/2026
DM Gestion de Plazas,2,2,0,0,03/06/2026
DM Mant. Hidrico,3,3,0,0,03/06/2026
Ingeniero Budge,5,5,0,0,03/06/2026
Llavallol,7,6,0,1,03/06/2026
Lomas,10,4,1,5,03/06/2026
Parque Baron,4,4,0,0,03/06/2026
San jose,8,6,0,2,03/06/2026
Santa Catalina,10,5,0,5,03/06/2026
Santa Marta,3,3,0,0,03/06/2026
Secretaria ,1,0,0,1,03/06/2026
Subse Servicios Urbanos,11,6,0,5,03/06/2026
Subse Ambiente,3,2,1,0,03/06/2026
Subse Cambio Climatico,10,6,0,4,03/06/2026
Temperley,7,7,0,0,03/06/2026
Turdera,2,2,0,0,03/06/2026
Villa Albertina,6,3,0,3,03/06/2026
Villa Centenario,4,3,0,1,03/06/2026
Villa Fiorito,6,4,0,2,03/06/2026
Villa Lamadrid,4,1,0,3,03/06/2026
Banfield,6,5,1,0,04/06/2026
DM Corte de Pasto,1,1,0,0,04/06/2026
DM Ecopunto,3,2,0,1,04/06/2026
DM Gestion de Plazas,2,1,1,0,04/06/2026
DM Mant. Hidrico,3,3,0,0,04/06/2026
Ingeniero Budge,5,5,0,0,04/06/2026
Llavallol,7,6,0,1,04/06/2026
Lomas,10,4,1,5,04/06/2026
Parque Baron,4,4,0,0,04/06/2026
San jose,8,6,0,2,04/06/2026
Santa Catalina,10,5,0,5,04/06/2026
Santa Marta,3,3,0,0,04/06/2026
Secretaria ,1,0,0,1,04/06/2026
Subse Servicios Urbanos,11,6,0,5,04/06/2026
Subse Ambiente,3,2,1,0,04/06/2026
Subse Cambio Climatico,10,6,0,4,04/06/2026
Temperley,7,7,0,0,04/06/2026
Turdera,2,2,0,0,04/06/2026
Villa Albertina,6,3,0,3,04/06/2026
Villa Centenario,4,3,0,1,04/06/2026
Villa Fiorito,6,4,0,2,04/06/2026
Villa Lamadrid,4,2,0,2,04/06/2026
Banfield,6,6,0,0,07/06/2026
DM Corte de Pasto,1,0,1,0,07/06/2026
DM Ecopunto,3,2,0,1,07/06/2026
DM Gestion de Plazas,2,1,0,1,07/06/2026
DM Mant. Hidrico,3,3,0,0,07/06/2026
Ingeniero Budge,5,0,5,0,07/06/2026
Llavallol,7,6,0,1,07/06/2026
Lomas,10,4,2,4,07/06/2026
Parque Baron,4,4,0,0,07/06/2026
San jose,8,6,0,2,07/06/2026
Santa Catalina,10,0,6,4,07/06/2026
Santa Marta,3,3,0,0,07/06/2026
Secretaria ,1,0,0,1,07/06/2026
Subse Servicios Urbanos,11,7,0,4,07/06/2026
Subse Ambiente,3,1,2,0,07/06/2026
Subse Cambio Climatico,10,1,6,3,07/06/2026
Temperley,7,6,0,1,07/06/2026
Turdera,2,2,0,0,07/06/2026
Villa Albertina,6,2,1,3,07/06/2026
Villa Centenario,4,2,0,2,07/06/2026
Villa Fiorito,6,4,0,2,07/06/2026
Villa Lamadrid,4,2,0,2,07/06/2026
Banfield,6,6,0,0,08/06/2026
DM Corte de Pasto,1,0,1,0,08/06/2026
DM Ecopunto,3,1,1,1,08/06/2026
DM Gestion de Plazas,2,1,1,0,08/06/2026
DM Mant. Hidrico,3,3,0,0,08/06/2026
Ingeniero Budge,5,4,1,0,08/06/2026
Llavallol,7,6,0,1,08/06/2026
Lomas,10,6,0,4,08/06/2026
Parque Baron,4,4,0,0,08/06/2026
San jose,8,6,0,2,08/06/2026
Santa Catalina,10,6,0,4,08/06/2026
Santa Marta,3,3,0,0,08/06/2026
Secretaria ,1,0,0,1,08/06/2026
Subse Servicios Urbanos,11,7,0,4,08/06/2026
Subse Ambiente,3,1,2,0,08/06/2026
Subse Cambio Climatico,10,1,6,3,08/06/2026
Temperley,7,6,0,1,08/06/2026
Turdera,2,2,0,0,08/06/2026
Villa Albertina,6,2,1,3,08/06/2026
Villa Centenario,4,3,0,1,08/06/2026
Villa Fiorito,6,4,0,2,08/06/2026
Villa Lamadrid,4,2,0,2,08/06/2026
Banfield,6,6,0,0,09/06/2026
DM Corte de Pasto,1,1,0,0,09/06/2026
DM Ecopunto,3,2,0,1,09/06/2026
DM Gestion de Plazas,2,2,0,0,09/06/2026
DM Mant. Hidrico,3,3,0,0,09/06/2026
Ingeniero Budge,5,4,1,0,09/06/2026
Llavallol,7,6,0,1,09/06/2026
Lomas,10,6,1,3,09/06/2026
Parque Baron,4,4,0,0,09/06/2026
San jose,8,5,0,3,09/06/2026
Santa Catalina,10,5,0,5,09/06/2026
Santa Marta,3,3,0,0,09/06/2026
Secretaria ,1,0,0,1,09/06/2026
Subse Servicios Urbanos,11,6,0,5,09/06/2026
Subse Ambiente,3,2,1,0,09/06/2026
Subse Cambio Climatico,10,7,0,3,09/06/2026
Temperley,7,6,0,1,09/06/2026
Turdera,2,2,0,0,09/06/2026
Villa Albertina,6,3,0,3,09/06/2026
Villa Centenario,4,3,0,1,09/06/2026
Villa Fiorito,6,3,1,2,09/06/2026
Villa Lamadrid,4,2,0,2,09/06/2026
Banfield,6,5,0,1,10/06/2026
DM Corte de Pasto,1,1,0,0,10/06/2026
DM Ecopunto,3,2,0,1,10/06/2026
DM Gestion de Plazas,2,2,0,0,10/06/2026
DM Mant. Hidrico,3,3,0,0,10/06/2026
Ingeniero Budge,5,4,1,0,10/06/2026
Llavallol,7,6,0,1,10/06/2026
Lomas,10,6,1,3,10/06/2026
Parque Baron,4,4,0,0,10/06/2026
San jose,8,4,1,3,10/06/2026
Santa Catalina,10,5,1,4,10/06/2026
Santa Marta,3,3,0,0,10/06/2026
Secretaria ,1,0,0,1,10/06/2026
Subse Servicios Urbanos,11,7,0,4,10/06/2026
Subse Ambiente,3,1,2,0,10/06/2026
Subse Cambio Climatico,10,7,0,3,10/06/2026
Temperley,7,7,0,0,10/06/2026
Turdera,2,2,0,0,10/06/2026
Villa Albertina,6,3,0,3,10/06/2026
Villa Centenario,4,3,0,1,10/06/2026
Villa Fiorito,6,3,1,2,10/06/2026
Villa Lamadrid,4,2,0,2,10/06/2026
Banfield,6,5,0,1,11/06/2026
DM Corte de Pasto,1,1,0,0,11/06/2026
DM Ecopunto,3,1,1,1,11/06/2026
DM Gestion de Plazas,2,2,0,0,11/06/2026
DM Mant. Hidrico,3,3,0,0,11/06/2026
Ingeniero Budge,5,4,1,0,11/06/2026
Llavallol,7,5,0,2,11/06/2026
Lomas,10,6,1,3,11/06/2026
Parque Baron,4,4,0,0,11/06/2026
San jose,8,5,1,2,11/06/2026
Santa Catalina,10,5,2,3,11/06/2026
Santa Marta,3,3,0,0,11/06/2026
Secretaria ,1,0,0,1,11/06/2026
Subse Servicios Urbanos,11,7,0,4,11/06/2026
Subse Ambiente,3,2,1,0,11/06/2026
Subse Cambio Climatico,10,8,0,2,11/06/2026
Temperley,7,7,0,0,11/06/2026
Turdera,2,2,0,0,11/06/2026
Villa Albertina,6,2,1,3,11/06/2026
Villa Centenario,4,3,0,1,11/06/2026
Villa Fiorito,6,4,1,1,11/06/2026
Villa Lamadrid,4,2,0,2,11/06/2026
Banfield,6,5,0,1,15/06/2026
DM Corte de Pasto,1,1,0,0,15/06/2026
DM Ecopunto,3,2,0,1,15/06/2026
DM Gestion de Plazas,2,2,0,0,15/06/2026
DM Mant. Hidrico,3,3,0,0,15/06/2026
Ingeniero Budge,5,5,0,0,15/06/2026
Llavallol,7,4,0,3,15/06/2026
Lomas,10,5,1,4,15/06/2026
Parque Baron,4,4,0,0,15/06/2026
San jose,8,6,0,2,15/06/2026
Santa Catalina,10,5,1,4,15/06/2026
Santa Marta,3,3,0,0,15/06/2026
Secretaria ,1,0,0,1,15/06/2026
Subse Servicios Urbanos,11,7,0,4,15/06/2026
Subse Ambiente,3,1,2,0,15/06/2026
Subse Cambio Climatico,10,7,0,3,15/06/2026
Temperley,7,7,0,0,15/06/2026
Turdera,2,2,0,0,15/06/2026
Villa Albertina,6,3,0,3,15/06/2026
Villa Centenario,4,3,0,1,15/06/2026
Villa Fiorito,6,5,0,1,15/06/2026
Villa Lamadrid,4,2,0,2,15/06/2026
Banfield,6,5,0,1,16/06/2026
DM Corte de Pasto,1,1,0,0,16/06/2026
DM Ecopunto,3,2,0,1,16/06/2026
DM Gestion de Plazas,2,1,1,0,16/06/2026
DM Mant. Hidrico,3,3,0,0,16/06/2026
Ingeniero Budge,5,5,0,0,16/06/2026
Llavallol,7,4,0,3,16/06/2026
Lomas,10,6,1,3,16/06/2026
Parque Baron,4,4,0,0,16/06/2026
San jose,8,6,0,2,16/06/2026
Santa Catalina,10,6,0,4,16/06/2026
Santa Marta,3,2,0,1,16/06/2026
Secretaria ,1,0,0,1,16/06/2026
Subse Servicios Urbanos,11,7,0,4,16/06/2026
Subse Ambiente,3,2,1,0,16/06/2026
Subse Cambio Climatico,10,7,0,3,16/06/2026
Temperley,7,7,0,0,16/06/2026
Turdera,2,2,0,0,16/06/2026
Villa Albertina,6,3,0,3,16/06/2026
Villa Centenario,4,3,0,1,16/06/2026
Villa Fiorito,6,5,0,1,16/06/2026
Villa Lamadrid,4,2,0,2,16/06/2026
Banfield,6,5,0,1,17/06/2026
DM Corte de Pasto,1,1,0,0,17/06/2026
DM Ecopunto,3,2,0,1,17/06/2026
DM Gestion de Plazas,2,1,1,0,17/06/2026
DM Mant. Hidrico,3,3,0,0,17/06/2026
Ingeniero Budge,5,5,0,0,17/06/2026
Llavallol,7,4,0,3,17/06/2026
Lomas,10,6,1,3,17/06/2026
Parque Baron,4,4,0,0,17/06/2026
San jose,8,6,0,2,17/06/2026
Santa Catalina,10,6,0,4,17/06/2026
Santa Marta,3,2,0,1,17/06/2026
Secretaria ,1,0,0,1,17/06/2026
Subse Servicios Urbanos,11,7,0,4,17/06/2026
Subse Ambiente,3,3,0,0,17/06/2026
Subse Cambio Climatico,10,7,0,3,17/06/2026
Temperley,7,6,1,0,17/06/2026
Turdera,2,2,0,0,17/06/2026
Villa Albertina,6,3,0,3,17/06/2026
Villa Centenario,4,3,0,1,17/06/2026
Villa Fiorito,6,5,0,1,17/06/2026
Villa Lamadrid,4,2,0,2,17/06/2026
Banfield,6,5,0,1,18/06/2026
DM Corte de Pasto,1,1,0,0,18/06/2026
DM Ecopunto,3,2,0,1,18/06/2026
DM Gestion de Plazas,2,2,0,0,18/06/2026
DM Mant. Hidrico,3,3,0,0,18/06/2026
Ingeniero Budge,5,4,1,0,18/06/2026
Llavallol,7,6,0,1,18/06/2026
Lomas,10,6,1,3,18/06/2026
Parque Baron,4,4,0,0,18/06/2026
San jose,8,4,2,2,18/06/2026
Santa Catalina,10,7,0,3,18/06/2026
Santa Marta,3,2,0,1,18/06/2026
Secretaria ,1,0,0,1,18/06/2026
Subse Servicios Urbanos,11,7,0,4,18/06/2026
Subse Ambiente,3,2,1,0,18/06/2026
Subse Cambio Climatico,10,7,1,2,18/06/2026
Temperley,7,6,1,0,18/06/2026
Turdera,2,2,0,0,18/06/2026
Villa Albertina,6,2,1,3,18/06/2026
Villa Centenario,4,2,0,2,18/06/2026
Villa Fiorito,6,5,0,1,18/06/2026
Villa Lamadrid,4,2,0,2,18/06/2026
Banfield,6,4,0,2,21/06/2026
DM Corte de Pasto,1,1,0,0,21/06/2026
DM Ecopunto,3,2,0,1,21/06/2026
DM Gestion de Plazas,2,2,0,0,21/06/2026
DM Mant. Hidrico,3,3,0,0,21/06/2026
Ingeniero Budge,5,5,0,0,21/06/2026
Llavallol,7,5,1,1,21/06/2026
Lomas,10,6,1,3,21/06/2026
Parque Baron,4,4,0,0,21/06/2026
San jose,8,6,0,2,21/06/2026
Santa Catalina,10,5,1,4,21/06/2026
Santa Marta,3,3,0,0,21/06/2026
Secretaria ,1,0,0,1,21/06/2026
Subse Servicios Urbanos,11,5,1,5,21/06/2026
Subse Ambiente,3,1,2,0,21/06/2026
Subse Cambio Climatico,10,7,1,2,21/06/2026
Temperley,7,6,1,0,21/06/2026
Turdera,2,2,0,0,21/06/2026
Villa Albertina,6,0,3,3,21/06/2026
Villa Centenario,4,1,1,2,21/06/2026
Villa Fiorito,6,5,0,1,21/06/2026
Villa Lamadrid,4,1,1,2,21/06/2026
Banfield,6,4,0,2,22/06/2026
DM Corte de Pasto,1,1,0,0,22/06/2026
DM Ecopunto,3,2,0,1,22/06/2026
DM Gestion de Plazas,2,2,0,0,22/06/2026
DM Mant. Hidrico,3,3,0,0,22/06/2026
Ingeniero Budge,5,5,0,0,22/06/2026
Llavallol,7,6,0,1,22/06/2026
Lomas,10,5,1,4,22/06/2026
Parque Baron,4,4,0,0,22/06/2026
San jose,8,6,0,2,22/06/2026
Santa Catalina,10,5,1,4,22/06/2026
Santa Marta,3,3,0,0,22/06/2026
Secretaria ,1,0,0,1,22/06/2026
Subse Servicios Urbanos,11,5,0,6,22/06/2026
Subse Ambiente,3,2,1,0,22/06/2026
Subse Cambio Climatico,10,8,0,2,22/06/2026
Temperley,7,7,0,0,22/06/2026
Turdera,2,2,0,0,22/06/2026
Villa Albertina,6,1,2,3,22/06/2026
Villa Centenario,4,2,0,2,22/06/2026
Villa Fiorito,6,4,0,2,22/06/2026
Villa Lamadrid,4,1,1,2,22/06/2026
Banfield,6,3,1,2,23/06/2026
DM Corte de Pasto,1,1,0,0,23/06/2026
DM Ecopunto,3,2,0,1,23/06/2026
DM Gestion de Plazas,2,1,0,1,23/06/2026
DM Mant. Hidrico,3,3,0,0,23/06/2026
Ingeniero Budge,5,4,1,0,23/06/2026
Llavallol,7,6,0,1,23/06/2026
Lomas,10,5,1,4,23/06/2026
Parque Baron,4,4,0,0,23/06/2026
San jose,8,5,1,2,23/06/2026
Santa Catalina,10,6,1,3,23/06/2026
Santa Marta,3,3,0,0,23/06/2026
Secretaria ,1,0,0,1,23/06/2026
Subse Servicios Urbanos,11,4,0,7,23/06/2026
Subse Ambiente,3,1,2,0,23/06/2026
Subse Cambio Climatico,10,8,0,2,23/06/2026
Temperley,7,7,0,0,23/06/2026
Turdera,2,2,0,0,23/06/2026
Villa Albertina,6,3,0,3,23/06/2026
Villa Centenario,4,2,0,2,23/06/2026
Villa Fiorito,6,4,1,1,23/06/2026
Villa Lamadrid,4,1,1,2,23/06/2026